{
  "root_group": {
    "id": "d41d8cd98f00b204e9800998ecf8427e",
    "groups": {},
    "checks": {
      "status is 200": {
        "path": "::status is 200",
        "id": "6210a8cd14cd70477eba5c5e4cb3fb5f",
        "passes": 1500,
        "fails": 0,
        "name": "status is 200"
      },
      "has user name": {
        "id": "8d2fc4722f94b0f12137e84abbc453a2",
        "passes": 1500,
        "fails": 0,
        "name": "has user name",
        "path": "::has user name"
      }
    },
    "name": "",
    "path": ""
  },
  "metrics": {
    "http_req_connecting": {
      "p(95)": 0,
      "avg": 0.025987475333333326,
      "min": 0,
      "med": 0,
      "max": 1.413511,
      "p(90)": 0
    },
    "data_received": {
      "count": 639000,
      "rate": 10638.392653146757
    },
    "http_req_waiting": {
      "p(90)": 5.9580776,
      "p(95)": 6.6128498,
      "avg": 5.90544728733333,
      "min": 2.220624,
      "med": 4.681614,
      "max": 185.577487
    },
    "iteration_duration": {
      "avg": 108.80862633666676,
      "min": 102.963377,
      "med": 105.8578545,
      "max": 349.344647,
      "p(90)": 107.43448670000001,
      "p(95)": 109.02106274999998
    },
    "http_req_tls_handshaking": {
      "avg": 0,
      "min": 0,
      "med": 0,
      "max": 0,
      "p(90)": 0,
      "p(95)": 0
    },
    "http_req_receiving": {
      "p(95)": 0.15630309999999997,
      "avg": 0.3348215799999998,
      "min": 0.03204,
      "med": 0.095459,
      "max": 100.262482,
      "p(90)": 0.13572
    },
    "http_req_failed": {
      "passes": 0,
      "fails": 1500,
      "thresholds": {
        "rate<0.05": false
      },
      "value": 0
    },
    "vus_max": {
      "value": 50,
      "min": 50,
      "max": 50
    },
    "checks": {
      "fails": 0,
      "passes": 3000,
      "value": 1
    },
    "iterations": {
      "count": 1500,
      "rate": 24.97275270691727
    },
    "http_reqs": {
      "count": 1500,
      "rate": 24.97275270691727
    },
    "http_req_duration": {
      "med": 4.841699,
      "max": 199.704607,
      "p(90)": 6.107127100000001,
      "p(95)": 6.765933699999999,
      "avg": 6.288216680666671,
      "min": 2.312346,
      "thresholds": {
        "p(99)<800": false,
        "p(95)<400": false
      }
    },
    "data_sent": {
      "rate": 5843.624133418642,
      "count": 351000
    },
    "http_req_duration{expected_response:true}": {
      "med": 4.841699,
      "max": 199.704607,
      "p(90)": 6.107127100000001,
      "p(95)": 6.765933699999999,
      "avg": 6.288216680666671,
      "min": 2.312346
    },
    "http_req_sending": {
      "min": 0.025137,
      "med": 0.0416285,
      "max": 0.281838,
      "p(90)": 0.0640511,
      "p(95)": 0.08585554999999999,
      "avg": 0.04794781333333336
    },
    "http_req_blocked": {
      "p(90)": 0.011914900000000003,
      "p(95)": 0.02594059999999998,
      "avg": 0.04449458200000002,
      "min": 0.00516,
      "med": 0.00811,
      "max": 4.122149
    },
    "vus": {
      "value": 3,
      "min": 3,
      "max": 5
    }
  }
}