{
  "metrics": {
    "http_req_receiving": {
      "p(90)": 0.099,
      "p(95)": 0.254,
      "avg": 0.32354760582157394,
      "min": 0.005,
      "med": 0.045,
      "max": 123.546
    },
    "checks": {
      "passes": 18002,
      "fails": 0,
      "value": 1
    },
    "http_req_tls_handshaking": {
      "avg": 0,
      "min": 0,
      "med": 0,
      "max": 0,
      "p(90)": 0,
      "p(95)": 0
    },
    "http_reqs": {
      "count": 9001,
      "rate": 99.88067028507449
    },
    "data_received": {
      "count": 1557173,
      "rate": 17279.355959317887
    },
    "vus": {
      "value": 10,
      "min": 10,
      "max": 50
    },
    "iteration_duration": {
      "avg": 111.97310197378063,
      "min": 100.943291,
      "med": 102.603917,
      "max": 661.429791,
      "p(90)": 110.69025,
      "p(95)": 142.288125
    },
    "http_req_duration{expected_response:true}": {
      "avg": 11.39065981557603,
      "min": 0.805,
      "med": 2.173,
      "max": 560.873,
      "p(90)": 9.601,
      "p(95)": 39.776
    },
    "http_req_blocked": {
      "avg": 0.014949227863570684,
      "min": 0,
      "med": 0.006,
      "max": 4.389,
      "p(90)": 0.013,
      "p(95)": 0.022
    },
    "data_sent": {
      "count": 1503167,
      "rate": 16680.071937607438
    },
    "http_req_duration": {
      "p(95)": 39.776,
      "avg": 11.39065981557603,
      "min": 0.805,
      "med": 2.173,
      "max": 560.873,
      "p(90)": 9.601,
      "thresholds": {
        "p(95)<400": false,
        "p(99)<800": false
      }
    },
    "http_req_failed": {
      "passes": 0,
      "fails": 9001,
      "thresholds": {
        "rate<0.05": false
      },
      "value": 0
    },
    "http_req_waiting": {
      "med": 2.092,
      "max": 557.086,
      "p(90)": 9.446,
      "p(95)": 38.657,
      "avg": 11.023563159648916,
      "min": 0.754
    },
    "iterations": {
      "count": 9001,
      "rate": 99.88067028507449
    },
    "vus_max": {
      "value": 125,
      "min": 125,
      "max": 125
    },
    "http_req_connecting": {
      "avg": 0.002314187312520831,
      "min": 0,
      "med": 0,
      "max": 0.325,
      "p(90)": 0,
      "p(95)": 0
    },
    "http_req_sending": {
      "p(95)": 0.066,
      "avg": 0.043549050105543365,
      "min": 0.004,
      "med": 0.024,
      "max": 18.38,
      "p(90)": 0.048
    }
  },
  "root_group": {
    "name": "",
    "path": "",
    "id": "d41d8cd98f00b204e9800998ecf8427e",
    "groups": {},
    "checks": {
      "status is 200": {
        "name": "status is 200",
        "path": "::status is 200",
        "id": "6210a8cd14cd70477eba5c5e4cb3fb5f",
        "passes": 9001,
        "fails": 0
      },
      "has token": {
        "name": "has token",
        "path": "::has token",
        "id": "d9603435b38897bc816d10ece9a00ed4",
        "passes": 9001,
        "fails": 0
      }
    }
  }
}