{
  "metrics": {
    "http_req_blocked": {
      "avg": 0.011865022496250887,
      "min": 0,
      "med": 0.006,
      "max": 1.131,
      "p(90)": 0.012,
      "p(95)": 0.015
    },
    "http_reqs": {
      "count": 6001,
      "rate": 99.83943835166734
    },
    "vus": {
      "value": 10,
      "min": 10,
      "max": 12
    },
    "http_req_duration{expected_response:true}": {
      "avg": 2.711457757040497,
      "min": 0.558,
      "med": 1.864,
      "max": 101.619,
      "p(90)": 3.85,
      "p(95)": 4.79
    },
    "http_req_tls_handshaking": {
      "avg": 0,
      "min": 0,
      "med": 0,
      "max": 0,
      "p(90)": 0,
      "p(95)": 0
    },
    "data_received": {
      "rate": 38138.66545033693,
      "count": 2292382
    },
    "http_req_connecting": {
      "avg": 0.00401266455590735,
      "min": 0,
      "med": 0,
      "max": 0.829,
      "p(90)": 0,
      "p(95)": 0
    },
    "iteration_duration": {
      "min": 100.780167,
      "med": 102.256666,
      "max": 204.954625,
      "p(90)": 104.470333,
      "p(95)": 105.622,
      "avg": 103.18345015247431
    },
    "data_sent": {
      "count": 1224204,
      "rate": 20367.24542374014
    },
    "vus_max": {
      "max": 125,
      "value": 125,
      "min": 125
    },
    "http_req_duration": {
      "max": 101.619,
      "p(90)": 3.85,
      "p(95)": 4.79,
      "avg": 2.711457757040497,
      "min": 0.558,
      "med": 1.864,
      "thresholds": {
        "p(95)<400": false,
        "p(99)<800": false
      }
    },
    "http_req_failed": {
      "fails": 6001,
      "passes": 0,
      "thresholds": {
        "rate<0.05": false
      },
      "value": 0
    },
    "http_req_sending": {
      "avg": 0.026939676720546677,
      "min": 0.003,
      "med": 0.024,
      "max": 1.069,
      "p(90)": 0.042,
      "p(95)": 0.049
    },
    "http_req_waiting": {
      "min": 0.508,
      "med": 1.785,
      "max": 101.552,
      "p(90)": 3.747,
      "p(95)": 4.68,
      "avg": 2.6298211964672547
    },
    "iterations": {
      "count": 6001,
      "rate": 99.83943835166734
    },
    "checks": {
      "passes": 12002,
      "fails": 0,
      "value": 1
    },
    "http_req_receiving": {
      "med": 0.047,
      "max": 3.512,
      "p(90)": 0.087,
      "p(95)": 0.103,
      "avg": 0.05469688385269089,
      "min": 0.006
    }
  },
  "root_group": {
    "path": "",
    "id": "d41d8cd98f00b204e9800998ecf8427e",
    "groups": {},
    "checks": {
      "status is 200": {
        "path": "::status is 200",
        "id": "6210a8cd14cd70477eba5c5e4cb3fb5f",
        "passes": 6001,
        "fails": 0,
        "name": "status is 200"
      },
      "has user name": {
        "path": "::has user name",
        "id": "8d2fc4722f94b0f12137e84abbc453a2",
        "passes": 6001,
        "fails": 0,
        "name": "has user name"
      }
    },
    "name": ""
  }
}