{
  "metrics": {
    "http_req_waiting": {
      "med": 2.273,
      "max": 930.17,
      "p(90)": 9.276,
      "p(95)": 51.742,
      "avg": 15.729241639817854,
      "min": 0.833
    },
    "data_sent": {
      "count": 1503167,
      "rate": 16681.957502002253
    },
    "vus_max": {
      "value": 125,
      "min": 125,
      "max": 125
    },
    "http_req_sending": {
      "avg": 0.03950227752471884,
      "min": 0.006,
      "med": 0.026,
      "max": 9.84,
      "p(90)": 0.051,
      "p(95)": 0.07
    },
    "checks": {
      "passes": 18002,
      "fails": 0,
      "value": 1
    },
    "vus": {
      "min": 10,
      "max": 60,
      "value": 10
    },
    "http_req_receiving": {
      "p(95)": 0.276,
      "avg": 0.4287586934785018,
      "min": 0.005,
      "med": 0.053,
      "max": 157.377,
      "p(90)": 0.111
    },
    "http_req_failed": {
      "passes": 0,
      "fails": 9001,
      "thresholds": {
        "rate<0.05": false
      },
      "value": 0
    },
    "http_req_blocked": {
      "min": 0.001,
      "med": 0.007,
      "max": 5.08,
      "p(90)": 0.015,
      "p(95)": 0.024,
      "avg": 0.020017886901454666
    },
    "http_req_connecting": {
      "p(95)": 0,
      "avg": 0.005233418509054552,
      "min": 0,
      "med": 0,
      "max": 3.059,
      "p(90)": 0
    },
    "http_reqs": {
      "count": 9001,
      "rate": 99.89196108983384
    },
    "http_req_duration": {
      "p(95)": 55.13,
      "avg": 16.1975026108211,
      "min": 0.873,
      "med": 2.369,
      "max": 1015.734,
      "p(90)": 9.715,
      "thresholds": {
        "p(95)<400": false,
        "p(99)<800": false
      }
    },
    "http_req_duration{expected_response:true}": {
      "avg": 16.1975026108211,
      "min": 0.873,
      "med": 2.369,
      "max": 1015.734,
      "p(90)": 9.715,
      "p(95)": 55.13
    },
    "iterations": {
      "count": 9001,
      "rate": 99.89196108983384
    },
    "data_received": {
      "count": 1557173,
      "rate": 17281.309268541256
    },
    "iteration_duration": {
      "avg": 116.79815878980087,
      "min": 101.003209,
      "med": 102.857833,
      "max": 1116.553541,
      "p(90)": 110.654375,
      "p(95)": 155.647125
    },
    "http_req_tls_handshaking": {
      "p(90)": 0,
      "p(95)": 0,
      "avg": 0,
      "min": 0,
      "med": 0,
      "max": 0
    }
  },
  "root_group": {
    "name": "",
    "path": "",
    "id": "d41d8cd98f00b204e9800998ecf8427e",
    "groups": {},
    "checks": {
      "status is 200": {
        "name": "status is 200",
        "path": "::status is 200",
        "id": "6210a8cd14cd70477eba5c5e4cb3fb5f",
        "passes": 9001,
        "fails": 0
      },
      "has token": {
        "passes": 9001,
        "fails": 0,
        "name": "has token",
        "path": "::has token",
        "id": "d9603435b38897bc816d10ece9a00ed4"
      }
    }
  }
}