{
  "root_group": {
    "groups": {},
    "checks": {
      "status is 200": {
        "id": "6210a8cd14cd70477eba5c5e4cb3fb5f",
        "passes": 1500,
        "fails": 0,
        "name": "status is 200",
        "path": "::status is 200"
      },
      "has user name": {
        "fails": 0,
        "name": "has user name",
        "path": "::has user name",
        "id": "8d2fc4722f94b0f12137e84abbc453a2",
        "passes": 1500
      }
    },
    "name": "",
    "path": "",
    "id": "d41d8cd98f00b204e9800998ecf8427e"
  },
  "metrics": {
    "http_req_duration": {
      "min": 0.901,
      "med": 2.8535,
      "max": 21.264,
      "p(90)": 5.653099999999999,
      "p(95)": 6.3527499999999995,
      "avg": 3.3217193333333337,
      "thresholds": {
        "p(99)<800": false,
        "p(95)<400": false
      }
    },
    "data_received": {
      "count": 573000,
      "rate": 9539.246566333215
    },
    "vus": {
      "value": 2,
      "min": 2,
      "max": 2
    },
    "data_sent": {
      "count": 306000,
      "rate": 5094.2573286177385
    },
    "vus_max": {
      "value": 50,
      "min": 50,
      "max": 50
    },
    "http_req_failed": {
      "passes": 0,
      "fails": 1500,
      "thresholds": {
        "rate<0.05": false
      },
      "value": 0
    },
    "http_req_duration{expected_response:true}": {
      "avg": 3.3217193333333337,
      "min": 0.901,
      "med": 2.8535,
      "max": 21.264,
      "p(90)": 5.653099999999999,
      "p(95)": 6.3527499999999995
    },
    "http_req_tls_handshaking": {
      "p(95)": 0,
      "avg": 0,
      "min": 0,
      "med": 0,
      "max": 0,
      "p(90)": 0
    },
    "http_reqs": {
      "count": 1500,
      "rate": 24.971849650086952
    },
    "http_req_sending": {
      "avg": 0.03719199999999995,
      "min": 0.011,
      "med": 0.035,
      "max": 0.283,
      "p(90)": 0.051,
      "p(95)": 0.061
    },
    "http_req_receiving": {
      "max": 2.666,
      "p(90)": 0.108,
      "p(95)": 0.124,
      "avg": 0.06837066666666675,
      "min": 0.018,
      "med": 0.0535
    },
    "iterations": {
      "count": 1500,
      "rate": 24.971849650086952
    },
    "http_req_blocked": {
      "avg": 0.02269133333333367,
      "min": 0.002,
      "med": 0.009,
      "max": 0.82,
      "p(90)": 0.013100000000000033,
      "p(95)": 0.018
    },
    "http_req_connecting": {
      "avg": 0.010275999999999997,
      "min": 0,
      "med": 0,
      "max": 0.455,
      "p(90)": 0,
      "p(95)": 0
    },
    "http_req_waiting": {
      "p(90)": 5.4843,
      "p(95)": 6.188749999999999,
      "avg": 3.2161566666666674,
      "min": 0.848,
      "med": 2.761,
      "max": 21.076
    },
    "checks": {
      "passes": 3000,
      "fails": 0,
      "value": 1
    },
    "iteration_duration": {
      "min": 101.233917,
      "med": 103.850562,
      "max": 127.052917,
      "p(90)": 106.94035,
      "p(95)": 107.71336699999999,
      "avg": 104.4569063780001
    }
  }
}