{
  "root_group": {
    "name": "",
    "path": "",
    "id": "d41d8cd98f00b204e9800998ecf8427e",
    "groups": {},
    "checks": {
      "status is 200": {
        "id": "6210a8cd14cd70477eba5c5e4cb3fb5f",
        "passes": 9001,
        "fails": 0,
        "name": "status is 200",
        "path": "::status is 200"
      },
      "has token": {
        "id": "d9603435b38897bc816d10ece9a00ed4",
        "passes": 9001,
        "fails": 0,
        "name": "has token",
        "path": "::has token"
      }
    }
  },
  "metrics": {
    "http_req_tls_handshaking": {
      "max": 0,
      "p(90)": 0,
      "p(95)": 0,
      "avg": 0,
      "min": 0,
      "med": 0
    },
    "http_req_blocked": {
      "avg": 0.015554493945117298,
      "min": 0.001,
      "med": 0.008,
      "max": 2.955,
      "p(90)": 0.016,
      "p(95)": 0.024
    },
    "http_req_failed": {
      "passes": 0,
      "fails": 9001,
      "thresholds": {
        "rate<0.05": false
      },
      "value": 0
    },
    "iterations": {
      "count": 9001,
      "rate": 99.89281471017082
    },
    "iteration_duration": {
      "avg": 106.36189771758698,
      "min": 100.974458,
      "med": 102.798542,
      "max": 618.610291,
      "p(90)": 105.216542,
      "p(95)": 107.794333
    },
    "http_req_duration{expected_response:true}": {
      "med": 2.299,
      "max": 518.102,
      "p(90)": 4.387,
      "p(95)": 6.689,
      "avg": 5.806997222530851,
      "min": 0.82
    },
    "data_sent": {
      "count": 1503167,
      "rate": 16682.100056598527
    },
    "vus_max": {
      "max": 125,
      "value": 125,
      "min": 125
    },
    "vus": {
      "value": 10,
      "min": 10,
      "max": 34
    },
    "http_req_sending": {
      "avg": 0.04112909676702523,
      "min": 0.006,
      "med": 0.03,
      "max": 11.582,
      "p(90)": 0.058,
      "p(95)": 0.076
    },
    "http_req_receiving": {
      "min": 0.007,
      "med": 0.058,
      "max": 67.162,
      "p(90)": 0.102,
      "p(95)": 0.129,
      "avg": 0.11382924119542252
    },
    "checks": {
      "passes": 18002,
      "fails": 0,
      "value": 1
    },
    "http_req_connecting": {
      "avg": 0.0033660704366181553,
      "min": 0,
      "med": 0,
      "max": 1.353,
      "p(90)": 0,
      "p(95)": 0
    },
    "data_received": {
      "rate": 17281.456944859554,
      "count": 1557173
    },
    "http_req_duration": {
      "max": 518.102,
      "p(90)": 4.387,
      "p(95)": 6.689,
      "avg": 5.806997222530851,
      "min": 0.82,
      "med": 2.299,
      "thresholds": {
        "p(95)<400": false,
        "p(99)<800": false
      }
    },
    "http_reqs": {
      "count": 9001,
      "rate": 99.89281471017082
    },
    "http_req_waiting": {
      "max": 517.972,
      "p(90)": 4.247,
      "p(95)": 6.479,
      "avg": 5.652038884568368,
      "min": 0.795,
      "med": 2.193
    }
  }
}