{
  "root_group": {
    "name": "",
    "path": "",
    "id": "d41d8cd98f00b204e9800998ecf8427e",
    "groups": {},
    "checks": {
      "status is 200": {
        "path": "::status is 200",
        "id": "6210a8cd14cd70477eba5c5e4cb3fb5f",
        "passes": 2983,
        "fails": 0,
        "name": "status is 200"
      },
      "has token": {
        "name": "has token",
        "path": "::has token",
        "id": "d9603435b38897bc816d10ece9a00ed4",
        "passes": 2983,
        "fails": 0
      }
    }
  },
  "metrics": {
    "http_req_tls_handshaking": {
      "max": 0,
      "p(90)": 0,
      "p(95)": 0,
      "avg": 0,
      "min": 0,
      "med": 0
    },
    "checks": {
      "passes": 5966,
      "fails": 0,
      "value": 1
    },
    "http_reqs": {
      "count": 2983,
      "rate": 99.07485409127003
    },
    "vus": {
      "value": 10,
      "min": 10,
      "max": 11
    },
    "http_req_duration{expected_response:true}": {
      "avg": 8.450732148843436,
      "min": 4.155,
      "med": 5.691,
      "max": 268.175,
      "p(90)": 7.760000000000001,
      "p(95)": 8.5389
    },
    "http_req_sending": {
      "min": 0.004,
      "med": 0.023,
      "max": 1.032,
      "p(90)": 0.034,
      "p(95)": 0.038,
      "avg": 0.02445524639624571
    },
    "http_req_duration": {
      "avg": 8.450732148843436,
      "min": 4.155,
      "med": 5.691,
      "max": 268.175,
      "p(90)": 7.760000000000001,
      "p(95)": 8.5389,
      "thresholds": {
        "p(95)<2000": false,
        "p(99)<5000": false
      }
    },
    "vus_max": {
      "value": 28,
      "min": 24,
      "max": 28
    },
    "http_req_receiving": {
      "p(90)": 0.047,
      "p(95)": 0.060899999999999864,
      "avg": 0.05486322494133424,
      "min": 0.008,
      "med": 0.03,
      "max": 9.701
    },
    "iterations": {
      "count": 2983,
      "rate": 99.07485409127003
    },
    "data_sent": {
      "count": 498161,
      "rate": 16545.500633242096
    },
    "http_req_connecting": {
      "max": 0.297,
      "p(90)": 0,
      "p(95)": 0,
      "avg": 0.0015031847133757964,
      "min": 0,
      "med": 0
    },
    "data_received": {
      "count": 516059,
      "rate": 17139.949757789716
    },
    "dropped_iterations": {
      "count": 18,
      "rate": 0.5978368667927793
    },
    "http_req_blocked": {
      "max": 0.766,
      "p(90)": 0.008,
      "p(95)": 0.01,
      "avg": 0.008321153201475152,
      "min": 0.001,
      "med": 0.006
    },
    "http_req_waiting": {
      "max": 267.618,
      "p(90)": 7.6988,
      "p(95)": 8.441999999999998,
      "avg": 8.371413677505847,
      "min": 4.118,
      "med": 5.635
    },
    "http_req_failed": {
      "passes": 0,
      "fails": 2983,
      "thresholds": {
        "rate<0.05": false
      },
      "value": 0
    },
    "iteration_duration": {
      "max": 370.72025,
      "p(90)": 108.2207914,
      "p(95)": 109.1448173,
      "avg": 108.87994742742222,
      "min": 104.609958,
      "med": 106.109625
    }
  }
}