{
  "metrics": {
    "http_req_waiting": {
      "avg": 1547.7241427705962,
      "min": 0,
      "med": 0,
      "max": 19873.103,
      "p(90)": 2994.3886,
      "p(95)": 14461.434499999992
    },
    "data_received": {
      "count": 407540,
      "rate": 13583.721239668386
    },
    "vus": {
      "value": 0,
      "min": 0,
      "max": 800
    },
    "http_req_duration": {
      "min": 0,
      "med": 0,
      "max": 19873.126,
      "p(90)": 3013.2504,
      "p(95)": 14478.002149999993,
      "avg": 1556.464375605819,
      "thresholds": {
        "p(99)<800": true,
        "p(95)<400": true
      }
    },
    "http_req_duration{expected_response:true}": {
      "avg": 2586.2772080679447,
      "min": 256.315,
      "med": 1823.953,
      "max": 19583.036,
      "p(90)": 3361.8486,
      "p(95)": 7127.745199999997
    },
    "checks": {
      "passes": 4710,
      "fails": 15098,
      "value": 0.2377827140549273
    },
    "http_req_failed": {
      "passes": 7549,
      "fails": 2355,
      "thresholds": {
        "rate<0.05": true
      },
      "value": 0.7622172859450727
    },
    "http_req_connecting": {
      "min": 0,
      "med": 0,
      "max": 2.047,
      "p(90)": 0.062,
      "p(95)": 0.10184999999999955,
      "avg": 0.013078150242326319
    },
    "http_req_sending": {
      "max": 4.422,
      "p(90)": 0.018,
      "p(95)": 0.028,
      "avg": 0.007725161550888588,
      "min": 0,
      "med": 0
    },
    "iterations": {
      "count": 9904,
      "rate": 330.1103576524407
    },
    "http_req_tls_handshaking": {
      "p(95)": 0,
      "avg": 0,
      "min": 0,
      "med": 0,
      "max": 0,
      "p(90)": 0
    },
    "http_req_receiving": {
      "avg": 8.73250767366721,
      "min": 0,
      "med": 0,
      "max": 1595.925,
      "p(90)": 24.9294,
      "p(95)": 42.38129999999999
    },
    "http_req_blocked": {
      "med": 0,
      "max": 5.554,
      "p(90)": 0.076,
      "p(95)": 0.125,
      "avg": 0.019674979806138946,
      "min": 0
    },
    "data_sent": {
      "count": 570138,
      "rate": 19003.277371894917
    },
    "iteration_duration": {
      "med": 0.230875,
      "max": 19957.016875,
      "p(90)": 3113.4109162000004,
      "p(95)": 14578.226214249995,
      "avg": 1583.484795867224,
      "min": 0.074625
    },
    "dropped_iterations": {
      "count": 11097,
      "rate": 369.87425675173006
    },
    "vus_max": {
      "value": 800,
      "min": 700,
      "max": 800
    },
    "http_reqs": {
      "rate": 330.1103576524407,
      "count": 9904
    }
  },
  "root_group": {
    "name": "",
    "path": "",
    "id": "d41d8cd98f00b204e9800998ecf8427e",
    "groups": {},
    "checks": {
      "status is 200": {
        "fails": 7549,
        "name": "status is 200",
        "path": "::status is 200",
        "id": "6210a8cd14cd70477eba5c5e4cb3fb5f",
        "passes": 2355
      },
      "has token": {
        "name": "has token",
        "path": "::has token",
        "id": "d9603435b38897bc816d10ece9a00ed4",
        "passes": 2355,
        "fails": 7549
      }
    }
  }
}