{
  "root_group": {
    "name": "",
    "path": "",
    "id": "d41d8cd98f00b204e9800998ecf8427e",
    "groups": {},
    "checks": {
      "status is 200": {
        "path": "::status is 200",
        "id": "6210a8cd14cd70477eba5c5e4cb3fb5f",
        "passes": 2949,
        "fails": 0,
        "name": "status is 200"
      },
      "has token": {
        "fails": 0,
        "name": "has token",
        "path": "::has token",
        "id": "d9603435b38897bc816d10ece9a00ed4",
        "passes": 2949
      }
    }
  },
  "metrics": {
    "vus_max": {
      "value": 50,
      "min": 15,
      "max": 50
    },
    "http_req_duration": {
      "p(90)": 14.327400000000003,
      "p(95)": 86.60799999999996,
      "avg": 21.605501186843004,
      "min": 4.429,
      "med": 6.333,
      "max": 698.776,
      "thresholds": {
        "p(95)<2000": false,
        "p(99)<5000": false
      }
    },
    "http_req_tls_handshaking": {
      "avg": 0,
      "min": 0,
      "med": 0,
      "max": 0,
      "p(90)": 0,
      "p(95)": 0
    },
    "http_req_receiving": {
      "p(95)": 0.7203999999999995,
      "avg": 0.21879043743641927,
      "min": 0.01,
      "med": 0.048,
      "max": 12.414,
      "p(90)": 0.15720000000000006
    },
    "http_req_waiting": {
      "min": 4.358,
      "med": 6.263,
      "max": 693.996,
      "p(90)": 13.808000000000025,
      "p(95)": 81.85539999999985,
      "avg": 21.359843675822276
    },
    "http_req_sending": {
      "p(90)": 0.033,
      "p(95)": 0.045,
      "avg": 0.026867073584266227,
      "min": 0.004,
      "med": 0.021,
      "max": 1.915
    },
    "iteration_duration": {
      "med": 106.804625,
      "max": 799.570292,
      "p(90)": 115.30649120000001,
      "p(95)": 186.84682499999994,
      "avg": 122.11923477992512,
      "min": 104.95525
    },
    "dropped_iterations": {
      "rate": 1.727072235925507,
      "count": 52
    },
    "iterations": {
      "count": 2949,
      "rate": 97.94492353354462
    },
    "checks": {
      "passes": 5898,
      "fails": 0,
      "value": 1
    },
    "data_sent": {
      "count": 492483,
      "rate": 16356.802230101952
    },
    "http_req_failed": {
      "passes": 0,
      "fails": 2949,
      "thresholds": {
        "rate<0.05": false
      },
      "value": 0
    },
    "data_received": {
      "count": 510177,
      "rate": 16944.47177130322
    },
    "vus": {
      "max": 50,
      "value": 11,
      "min": 10
    },
    "http_req_connecting": {
      "avg": 0.003174296371651408,
      "min": 0,
      "med": 0,
      "max": 0.751,
      "p(90)": 0,
      "p(95)": 0
    },
    "http_req_duration{expected_response:true}": {
      "max": 698.776,
      "p(90)": 14.327400000000003,
      "p(95)": 86.60799999999996,
      "avg": 21.605501186843004,
      "min": 4.429,
      "med": 6.333
    },
    "http_req_blocked": {
      "p(95)": 0.013,
      "avg": 0.0109494743981011,
      "min": 0.001,
      "med": 0.005,
      "max": 0.983,
      "p(90)": 0.009
    },
    "http_reqs": {
      "count": 2949,
      "rate": 97.94492353354462
    }
  }
}