{
  "root_group": {
    "name": "",
    "path": "",
    "id": "d41d8cd98f00b204e9800998ecf8427e",
    "groups": {},
    "checks": {
      "status is 200": {
        "name": "status is 200",
        "path": "::status is 200",
        "id": "6210a8cd14cd70477eba5c5e4cb3fb5f",
        "passes": 1500,
        "fails": 0
      },
      "has user name": {
        "name": "has user name",
        "path": "::has user name",
        "id": "8d2fc4722f94b0f12137e84abbc453a2",
        "passes": 1500,
        "fails": 0
      }
    }
  },
  "metrics": {
    "http_req_tls_handshaking": {
      "avg": 0,
      "min": 0,
      "med": 0,
      "max": 0,
      "p(90)": 0,
      "p(95)": 0
    },
    "http_req_blocked": {
      "avg": 0.138826634,
      "min": 0.004969,
      "med": 0.0082355,
      "max": 98.896341,
      "p(90)": 0.012305100000000003,
      "p(95)": 0.031002
    },
    "vus_max": {
      "value": 50,
      "min": 50,
      "max": 50
    },
    "http_req_sending": {
      "min": 0.02125,
      "med": 0.042349,
      "max": 0.312596,
      "p(90)": 0.06468410000000005,
      "p(95)": 0.08512104999999999,
      "avg": 0.0483225473333333
    },
    "http_req_failed": {
      "passes": 0,
      "fails": 1500,
      "thresholds": {
        "rate<0.05": false
      },
      "value": 0
    },
    "http_reqs": {
      "count": 1500,
      "rate": 24.97296275715756
    },
    "data_sent": {
      "rate": 5843.673285174868,
      "count": 351000
    },
    "http_req_waiting": {
      "avg": 4.549347404666672,
      "min": 2.343545,
      "med": 3.3293074999999996,
      "max": 157.998844,
      "p(90)": 4.012861700000002,
      "p(95)": 4.611627049999998
    },
    "iteration_duration": {
      "avg": 107.51548382266678,
      "min": 103.250315,
      "med": 104.51238649999999,
      "max": 442.430111,
      "p(90)": 105.4151508,
      "p(95)": 106.39790925
    },
    "http_req_duration{expected_response:true}": {
      "med": 3.4774909999999997,
      "max": 258.27879,
      "p(90)": 4.171284400000004,
      "p(95)": 4.8352669,
      "avg": 4.925936845333324,
      "min": 2.501541
    },
    "http_req_connecting": {
      "p(95)": 0,
      "avg": 0.05945733400000003,
      "min": 0,
      "med": 0,
      "max": 56.996374,
      "p(90)": 0
    },
    "http_req_receiving": {
      "max": 100.400772,
      "p(90)": 0.13460900000000003,
      "p(95)": 0.15171145,
      "avg": 0.32826689333333336,
      "min": 0.035276,
      "med": 0.0977335
    },
    "iterations": {
      "count": 1500,
      "rate": 24.97296275715756
    },
    "checks": {
      "passes": 3000,
      "fails": 0,
      "value": 1
    },
    "data_received": {
      "count": 639000,
      "rate": 10638.48213454912
    },
    "http_req_duration": {
      "avg": 4.925936845333324,
      "min": 2.501541,
      "med": 3.4774909999999997,
      "max": 258.27879,
      "p(90)": 4.171284400000004,
      "p(95)": 4.8352669,
      "thresholds": {
        "p(95)<400": false,
        "p(99)<800": false
      }
    },
    "vus": {
      "value": 2,
      "min": 1,
      "max": 5
    }
  }
}