{
  "root_group": {
    "checks": {
      "status is 200": {
        "name": "status is 200",
        "path": "::status is 200",
        "id": "6210a8cd14cd70477eba5c5e4cb3fb5f",
        "passes": 2969,
        "fails": 0
      },
      "has token": {
        "name": "has token",
        "path": "::has token",
        "id": "d9603435b38897bc816d10ece9a00ed4",
        "passes": 2969,
        "fails": 0
      }
    },
    "name": "",
    "path": "",
    "id": "d41d8cd98f00b204e9800998ecf8427e",
    "groups": {}
  },
  "metrics": {
    "iterations": {
      "count": 2969,
      "rate": 98.64740093004995
    },
    "http_req_blocked": {
      "p(90)": 0.009,
      "p(95)": 0.011,
      "avg": 0.009232064668238494,
      "min": 0.001,
      "med": 0.005,
      "max": 0.785
    },
    "iteration_duration": {
      "min": 105.037916,
      "med": 106.808584,
      "max": 516.559083,
      "p(90)": 110.1983582,
      "p(95)": 130.05202519999997,
      "avg": 113.51891209093964
    },
    "http_req_sending": {
      "max": 4.14,
      "p(90)": 0.034,
      "p(95)": 0.04859999999999987,
      "avg": 0.028671606601549694,
      "min": 0.004,
      "med": 0.018
    },
    "http_reqs": {
      "count": 2969,
      "rate": 98.64740093004995
    },
    "http_req_connecting": {
      "med": 0,
      "max": 0.209,
      "p(90)": 0,
      "p(95)": 0,
      "avg": 0.0023917143819467833,
      "min": 0
    },
    "vus_max": {
      "max": 41,
      "value": 41,
      "min": 18
    },
    "http_req_duration": {
      "min": 4.705,
      "med": 6.331,
      "max": 416.421,
      "p(90)": 9.488600000000002,
      "p(95)": 29.610599999999977,
      "avg": 12.952501178848115,
      "thresholds": {
        "p(95)<2000": false,
        "p(99)<5000": false
      }
    },
    "http_req_failed": {
      "passes": 0,
      "fails": 2969,
      "thresholds": {
        "rate<0.05": false
      },
      "value": 0
    },
    "vus": {
      "value": 10,
      "min": 9,
      "max": 16
    },
    "http_req_duration{expected_response:true}": {
      "p(90)": 9.488600000000002,
      "p(95)": 29.610599999999977,
      "avg": 12.952501178848115,
      "min": 4.705,
      "med": 6.331,
      "max": 416.421
    },
    "checks": {
      "passes": 5938,
      "fails": 0,
      "value": 1
    },
    "http_req_receiving": {
      "min": 0.01,
      "med": 0.051,
      "max": 18.199,
      "p(90)": 0.13220000000000007,
      "p(95)": 0.338,
      "avg": 0.15336544291007032
    },
    "data_sent": {
      "count": 495823,
      "rate": 16474.115955318342
    },
    "dropped_iterations": {
      "count": 31,
      "rate": 1.0299998076226164
    },
    "data_received": {
      "rate": 17066.00036089864,
      "count": 513637
    },
    "http_req_waiting": {
      "avg": 12.77046412933646,
      "min": 4.587,
      "med": 6.249,
      "max": 415.227,
      "p(90)": 9.410800000000002,
      "p(95)": 29.057999999999982
    },
    "http_req_tls_handshaking": {
      "p(95)": 0,
      "avg": 0,
      "min": 0,
      "med": 0,
      "max": 0,
      "p(90)": 0
    }
  }
}