{
  "metrics": {
    "data_sent": {
      "count": 7480431,
      "rate": 83016.14411162907
    },
    "dropped_iterations": {
      "count": 208,
      "rate": 2.3083373104061575
    },
    "http_req_blocked": {
      "avg": 0.006209452369789043,
      "min": 0,
      "med": 0.003,
      "max": 1.176,
      "p(90)": 0.006,
      "p(95)": 0.009
    },
    "checks": {
      "passes": 89586,
      "fails": 0,
      "value": 1
    },
    "data_received": {
      "count": 7749189,
      "rate": 85998.7600677355
    },
    "http_req_tls_handshaking": {
      "max": 0,
      "p(90)": 0,
      "p(95)": 0,
      "avg": 0,
      "min": 0,
      "med": 0
    },
    "http_req_sending": {
      "med": 0.01,
      "max": 8.435,
      "p(90)": 0.021,
      "p(95)": 0.026,
      "avg": 0.014098229634092295,
      "min": 0.002
    },
    "http_req_waiting": {
      "p(95)": 62.59859999999963,
      "avg": 21.939043823811733,
      "min": 0.567,
      "med": 0.99,
      "max": 1258.538,
      "p(90)": 5.6280000000000046
    },
    "iteration_duration": {
      "med": 101.204,
      "max": 1421.909083,
      "p(90)": 106.50274160000001,
      "p(95)": 167.40429219999996,
      "avg": 123.32836133366801,
      "min": 100.682209
    },
    "http_req_connecting": {
      "avg": 0.0015563592525617844,
      "min": 0,
      "med": 0,
      "max": 0.732,
      "p(90)": 0,
      "p(95)": 0
    },
    "iterations": {
      "count": 44793,
      "rate": 497.10265935107225
    },
    "http_req_failed": {
      "fails": 44793,
      "passes": 0,
      "thresholds": {
        "rate<0.05": false
      },
      "value": 0
    },
    "vus_max": {
      "max": 500,
      "value": 500,
      "min": 500
    },
    "http_req_duration{expected_response:true}": {
      "avg": 23.10861192597074,
      "min": 0.586,
      "med": 1.021,
      "max": 1321.733,
      "p(90)": 5.897200000000003,
      "p(95)": 67.12199999999994
    },
    "vus": {
      "value": 50,
      "min": 50,
      "max": 500
    },
    "http_reqs": {
      "count": 44793,
      "rate": 497.10265935107225
    },
    "http_req_receiving": {
      "avg": 1.1554698725246513,
      "min": 0.004,
      "med": 0.016,
      "max": 290.959,
      "p(90)": 0.076,
      "p(95)": 1.362399999999988
    },
    "http_req_duration": {
      "p(90)": 5.897200000000003,
      "p(95)": 67.12199999999994,
      "avg": 23.10861192597074,
      "min": 0.586,
      "med": 1.021,
      "max": 1321.733,
      "thresholds": {
        "p(99)<800": false,
        "p(95)<400": false
      }
    }
  },
  "root_group": {
    "name": "",
    "path": "",
    "id": "d41d8cd98f00b204e9800998ecf8427e",
    "groups": {},
    "checks": {
      "status is 200": {
        "fails": 0,
        "name": "status is 200",
        "path": "::status is 200",
        "id": "6210a8cd14cd70477eba5c5e4cb3fb5f",
        "passes": 44793
      },
      "has token": {
        "name": "has token",
        "path": "::has token",
        "id": "d9603435b38897bc816d10ece9a00ed4",
        "passes": 44793,
        "fails": 0
      }
    }
  }
}