{
  "metrics": {
    "http_reqs": {
      "count": 1812,
      "rate": 57.347810005186304
    },
    "http_req_duration": {
      "avg": 755.2564850993364,
      "min": 0.611,
      "med": 758.4259999999999,
      "max": 1729.003,
      "p(90)": 1508.2024,
      "p(95)": 1509.90325,
      "thresholds": {
        "p(95)<2000": false,
        "p(99)<5000": false
      }
    },
    "data_sent": {
      "rate": 10494.649230949095,
      "count": 331596
    },
    "http_req_failed": {
      "passes": 0,
      "fails": 1812,
      "thresholds": {
        "rate<0.05": false
      },
      "value": 0
    },
    "http_req_waiting": {
      "avg": 755.1707555187633,
      "min": 0.565,
      "med": 758.0475,
      "max": 1728.927,
      "p(90)": 1508.0869,
      "p(95)": 1509.8183
    },
    "vus": {
      "max": 50,
      "value": 14,
      "min": 14
    },
    "http_req_duration{expected_response:true}": {
      "avg": 755.2564850993364,
      "min": 0.611,
      "med": 758.4259999999999,
      "max": 1729.003,
      "p(90)": 1508.2024,
      "p(95)": 1509.90325
    },
    "http_req_blocked": {
      "avg": 0.015697019867549795,
      "min": 0.001,
      "med": 0.005,
      "max": 1.902,
      "p(90)": 0.012,
      "p(95)": 0.016
    },
    "iteration_duration": {
      "avg": 1611.289149463578,
      "min": 1604.569875,
      "med": 1608.7385829999998,
      "max": 1832.300209,
      "p(90)": 1613.7013965,
      "p(95)": 1617.1477707499998
    },
    "http_req_connecting": {
      "p(90)": 0,
      "p(95)": 0,
      "avg": 0.006727373068432674,
      "min": 0,
      "med": 0,
      "max": 0.653
    },
    "checks": {
      "passes": 906,
      "fails": 0,
      "value": 1
    },
    "data_received": {
      "count": 554472,
      "rate": 17548.42986158701
    },
    "vus_max": {
      "value": 50,
      "min": 25,
      "max": 50
    },
    "http_req_tls_handshaking": {
      "avg": 0,
      "min": 0,
      "med": 0,
      "max": 0,
      "p(90)": 0,
      "p(95)": 0
    },
    "http_req_sending": {
      "p(95)": 0.042,
      "avg": 0.021013796909492365,
      "min": 0.003,
      "med": 0.016,
      "max": 0.554,
      "p(90)": 0.035900000000000036
    },
    "http_req_receiving": {
      "avg": 0.06471578366445917,
      "min": 0.015,
      "med": 0.058,
      "max": 0.502,
      "p(90)": 0.098,
      "p(95)": 0.114
    },
    "iterations": {
      "count": 906,
      "rate": 28.673905002593152
    },
    "dropped_iterations": {
      "count": 295,
      "rate": 9.336426021815651
    }
  },
  "root_group": {
    "id": "d41d8cd98f00b204e9800998ecf8427e",
    "groups": {},
    "checks": {
      "status is 200": {
        "name": "status is 200",
        "path": "::status is 200",
        "id": "6210a8cd14cd70477eba5c5e4cb3fb5f",
        "passes": 906,
        "fails": 0
      }
    },
    "name": "",
    "path": ""
  }
}