{
  "root_group": {
    "name": "",
    "path": "",
    "id": "d41d8cd98f00b204e9800998ecf8427e",
    "groups": {},
    "checks": {
      "status is 200": {
        "name": "status is 200",
        "path": "::status is 200",
        "id": "6210a8cd14cd70477eba5c5e4cb3fb5f",
        "passes": 21001,
        "fails": 0
      },
      "has token": {
        "passes": 21001,
        "fails": 0,
        "name": "has token",
        "path": "::has token",
        "id": "d9603435b38897bc816d10ece9a00ed4"
      }
    }
  },
  "metrics": {
    "http_req_tls_handshaking": {
      "avg": 0,
      "min": 0,
      "med": 0,
      "max": 0,
      "p(90)": 0,
      "p(95)": 0
    },
    "http_req_sending": {
      "avg": 0.012321032331792377,
      "min": 0.001,
      "med": 0.006,
      "max": 20.666,
      "p(90)": 0.017,
      "p(95)": 0.024
    },
    "http_req_receiving": {
      "med": 0.011,
      "max": 52.477,
      "p(90)": 0.172,
      "p(95)": 1.096,
      "avg": 0.29654906909194007,
      "min": 0.004
    },
    "http_req_duration": {
      "max": 682.509,
      "p(90)": 7.208,
      "p(95)": 58.297,
      "avg": 18.463782772248997,
      "min": 0.548,
      "med": 0.896,
      "thresholds": {
        "p(95)<400": false,
        "p(99)<800": false
      }
    },
    "iteration_duration": {
      "min": 100.6335,
      "med": 101.031833,
      "max": 782.824292,
      "p(90)": 108.312167,
      "p(95)": 158.451584,
      "avg": 118.67717076063093
    },
    "http_req_waiting": {
      "p(95)": 54.222,
      "avg": 18.15491267082531,
      "min": 0.533,
      "med": 0.875,
      "max": 681.781,
      "p(90)": 6.781
    },
    "http_req_duration{expected_response:true}": {
      "med": 0.896,
      "max": 682.509,
      "p(90)": 7.208,
      "p(95)": 58.297,
      "avg": 18.463782772248997,
      "min": 0.548
    },
    "http_req_connecting": {
      "avg": 0.005852245131184233,
      "min": 0,
      "med": 0,
      "max": 3.986,
      "p(90)": 0,
      "p(95)": 0
    },
    "vus": {
      "max": 396,
      "value": 71,
      "min": 70
    },
    "vus_max": {
      "value": 700,
      "min": 700,
      "max": 700
    },
    "http_req_failed": {
      "passes": 0,
      "fails": 21001,
      "thresholds": {
        "rate<0.05": false
      },
      "value": 0
    },
    "http_reqs": {
      "count": 21001,
      "rate": 697.6449690366686
    },
    "data_sent": {
      "count": 3507167,
      "rate": 116506.70982912366
    },
    "data_received": {
      "count": 3633173,
      "rate": 120692.57964334368
    },
    "http_req_blocked": {
      "avg": 0.010513166039713995,
      "min": 0,
      "med": 0.002,
      "max": 4.011,
      "p(90)": 0.005,
      "p(95)": 0.011
    },
    "iterations": {
      "count": 21001,
      "rate": 697.6449690366686
    },
    "checks": {
      "passes": 42002,
      "fails": 0,
      "value": 1
    }
  }
}