{
  "root_group": {
    "name": "",
    "path": "",
    "id": "d41d8cd98f00b204e9800998ecf8427e",
    "groups": {},
    "checks": {
      "status is 200": {
        "passes": 1500,
        "fails": 0,
        "name": "status is 200",
        "path": "::status is 200",
        "id": "6210a8cd14cd70477eba5c5e4cb3fb5f"
      },
      "has user name": {
        "passes": 1500,
        "fails": 0,
        "name": "has user name",
        "path": "::has user name",
        "id": "8d2fc4722f94b0f12137e84abbc453a2"
      }
    }
  },
  "metrics": {
    "checks": {
      "passes": 3000,
      "fails": 0,
      "value": 1
    },
    "http_req_tls_handshaking": {
      "avg": 0,
      "min": 0,
      "med": 0,
      "max": 0,
      "p(90)": 0,
      "p(95)": 0
    },
    "data_received": {
      "rate": 10638.054217578694,
      "count": 639000
    },
    "iteration_duration": {
      "min": 103.078072,
      "med": 105.8976935,
      "max": 308.429046,
      "p(90)": 107.31110439999999,
      "p(95)": 108.0439773,
      "avg": 108.04028684199997
    },
    "http_req_failed": {
      "passes": 0,
      "fails": 1500,
      "thresholds": {
        "rate<0.05": false
      },
      "value": 0
    },
    "vus": {
      "value": 1,
      "min": 1,
      "max": 5
    },
    "http_req_receiving": {
      "max": 100.04238,
      "p(90)": 0.135599,
      "p(95)": 0.15347554999999996,
      "avg": 0.19824314866666656,
      "min": 0.036789,
      "med": 0.09485750000000001
    },
    "http_req_duration": {
      "avg": 5.993653830666652,
      "min": 2.188674,
      "med": 4.8237000000000005,
      "max": 166.59897,
      "p(90)": 6.1605395000000005,
      "p(95)": 6.622021449999999,
      "thresholds": {
        "p(95)<400": false,
        "p(99)<800": false
      }
    },
    "http_reqs": {
      "rate": 24.971958257226984,
      "count": 1500
    },
    "http_req_waiting": {
      "min": 2.071114,
      "med": 4.681478,
      "max": 166.418782,
      "p(90)": 6.014058100000001,
      "p(95)": 6.4552361,
      "avg": 5.648189298000001
    },
    "http_req_sending": {
      "p(95)": 0.0830205,
      "avg": 0.14722138399999982,
      "min": 0.02093,
      "med": 0.04284,
      "max": 147.636223,
      "p(90)": 0.06694
    },
    "data_sent": {
      "count": 351000,
      "rate": 5843.438232191114
    },
    "vus_max": {
      "value": 50,
      "min": 50,
      "max": 50
    },
    "http_req_duration{expected_response:true}": {
      "max": 166.59897,
      "p(90)": 6.1605395000000005,
      "p(95)": 6.622021449999999,
      "avg": 5.993653830666652,
      "min": 2.188674,
      "med": 4.8237000000000005
    },
    "http_req_connecting": {
      "avg": 0.02691705866666667,
      "min": 0,
      "med": 0,
      "max": 1.262527,
      "p(90)": 0,
      "p(95)": 0
    },
    "iterations": {
      "count": 1500,
      "rate": 24.971958257226984
    },
    "http_req_blocked": {
      "p(95)": 0.02720054999999999,
      "avg": 0.38633532666666776,
      "min": 0.00541,
      "med": 0.008306,
      "max": 199.96259,
      "p(90)": 0.012165200000000004
    }
  }
}