{
  "root_group": {
    "groups": {},
    "checks": {
      "status is 200": {
        "name": "status is 200",
        "path": "::status is 200",
        "id": "6210a8cd14cd70477eba5c5e4cb3fb5f",
        "passes": 1500,
        "fails": 0
      },
      "has user name": {
        "name": "has user name",
        "path": "::has user name",
        "id": "8d2fc4722f94b0f12137e84abbc453a2",
        "passes": 1500,
        "fails": 0
      }
    },
    "name": "",
    "path": "",
    "id": "d41d8cd98f00b204e9800998ecf8427e"
  },
  "metrics": {
    "checks": {
      "passes": 3000,
      "fails": 0,
      "value": 1
    },
    "vus": {
      "min": 1,
      "max": 5,
      "value": 2
    },
    "http_req_blocked": {
      "avg": 0.44754524000000123,
      "min": 0.004108,
      "med": 0.0080555,
      "max": 199.710037,
      "p(90)": 0.012040000000000009,
      "p(95)": 0.026095499999999994
    },
    "http_req_sending": {
      "avg": 0.11871723333333324,
      "min": 0.019227,
      "med": 0.0435165,
      "max": 100.977293,
      "p(90)": 0.071706,
      "p(95)": 0.09389854999999998
    },
    "iteration_duration": {
      "avg": 115.11405691199978,
      "min": 102.894658,
      "med": 105.766228,
      "max": 347.818926,
      "p(90)": 138.56346650000006,
      "p(95)": 156.3780545
    },
    "http_req_waiting": {
      "avg": 12.198796576666664,
      "min": 2.231014,
      "med": 4.533295,
      "max": 147.084148,
      "p(90)": 35.5229256,
      "p(95)": 46.27596594999999
    },
    "http_req_tls_handshaking": {
      "avg": 0,
      "min": 0,
      "med": 0,
      "max": 0,
      "p(90)": 0,
      "p(95)": 0
    },
    "http_req_receiving": {
      "avg": 0.10829793333333314,
      "min": 0.026359,
      "med": 0.0958145,
      "max": 5.777284,
      "p(90)": 0.138547,
      "p(95)": 0.155314
    },
    "data_sent": {
      "count": 351000,
      "rate": 5843.664247603713
    },
    "http_reqs": {
      "count": 1500,
      "rate": 24.972924135058605
    },
    "data_received": {
      "count": 639000,
      "rate": 10638.465681534966
    },
    "http_req_duration": {
      "p(95)": 46.57156749999999,
      "avg": 12.425811743333366,
      "min": 2.370966,
      "med": 4.679189,
      "max": 147.21884,
      "p(90)": 35.68931370000001,
      "thresholds": {
        "p(95)<400": false,
        "p(99)<800": false
      }
    },
    "http_req_duration{expected_response:true}": {
      "min": 2.370966,
      "med": 4.679189,
      "max": 147.21884,
      "p(90)": 35.68931370000001,
      "p(95)": 46.57156749999999,
      "avg": 12.425811743333366
    },
    "http_req_connecting": {
      "avg": 0.36598444066666663,
      "min": 0,
      "med": 0,
      "max": 141.7522,
      "p(90)": 0,
      "p(95)": 0
    },
    "iterations": {
      "count": 1500,
      "rate": 24.972924135058605
    },
    "http_req_failed": {
      "passes": 0,
      "fails": 1500,
      "thresholds": {
        "rate<0.05": false
      },
      "value": 0
    },
    "vus_max": {
      "max": 50,
      "value": 50,
      "min": 50
    }
  }
}