{
  "metrics": {
    "http_req_duration": {
      "p(90)": 6.9823,
      "p(95)": 20.243949999999966,
      "avg": 9.00673699999998,
      "min": 0.731,
      "med": 1.956,
      "max": 771.925,
      "thresholds": {
        "p(95)<400": false,
        "p(99)<800": false
      }
    },
    "data_sent": {
      "count": 1503000,
      "rate": 16682.62263880952
    },
    "iteration_duration": {
      "min": 100.886875,
      "med": 102.326521,
      "max": 872.27775,
      "p(90)": 108.1193041,
      "p(95)": 120.84200175,
      "avg": 109.46750368633334
    },
    "http_reqs": {
      "count": 9000,
      "rate": 99.89594394496719
    },
    "http_req_failed": {
      "passes": 0,
      "fails": 9000,
      "thresholds": {
        "rate<0.05": false
      },
      "value": 0
    },
    "checks": {
      "passes": 18000,
      "fails": 0,
      "value": 1
    },
    "http_req_sending": {
      "p(95)": 0.052,
      "avg": 0.032717777777777145,
      "min": 0.003,
      "med": 0.02,
      "max": 11.745,
      "p(90)": 0.039
    },
    "http_req_waiting": {
      "avg": 8.848855666666562,
      "min": 0.698,
      "med": 1.893,
      "max": 769.162,
      "p(90)": 6.8581,
      "p(95)": 19.802499999999995
    },
    "iterations": {
      "count": 9000,
      "rate": 99.89594394496719
    },
    "data_received": {
      "count": 1557000,
      "rate": 17281.998302479322
    },
    "vus": {
      "max": 35,
      "value": 10,
      "min": 10
    },
    "http_req_duration{expected_response:true}": {
      "avg": 9.00673699999998,
      "min": 0.731,
      "med": 1.956,
      "max": 771.925,
      "p(90)": 6.9823,
      "p(95)": 20.243949999999966
    },
    "vus_max": {
      "value": 125,
      "min": 125,
      "max": 125
    },
    "http_req_blocked": {
      "avg": 0.013726333333333457,
      "min": 0,
      "med": 0.005,
      "max": 13.159,
      "p(90)": 0.011,
      "p(95)": 0.017
    },
    "http_req_connecting": {
      "min": 0,
      "med": 0,
      "max": 0.465,
      "p(90)": 0,
      "p(95)": 0,
      "avg": 0.0027504444444444442
    },
    "http_req_receiving": {
      "avg": 0.12516355555555425,
      "min": 0.006,
      "med": 0.036,
      "max": 54.386,
      "p(90)": 0.073,
      "p(95)": 0.1210499999999996
    },
    "http_req_tls_handshaking": {
      "med": 0,
      "max": 0,
      "p(90)": 0,
      "p(95)": 0,
      "avg": 0,
      "min": 0
    }
  },
  "root_group": {
    "name": "",
    "path": "",
    "id": "d41d8cd98f00b204e9800998ecf8427e",
    "groups": {},
    "checks": {
      "status is 200": {
        "fails": 0,
        "name": "status is 200",
        "path": "::status is 200",
        "id": "6210a8cd14cd70477eba5c5e4cb3fb5f",
        "passes": 9000
      },
      "has token": {
        "id": "d9603435b38897bc816d10ece9a00ed4",
        "passes": 9000,
        "fails": 0,
        "name": "has token",
        "path": "::has token"
      }
    }
  }
}