{
  "root_group": {
    "name": "",
    "path": "",
    "id": "d41d8cd98f00b204e9800998ecf8427e",
    "groups": {},
    "checks": {
      "status is 200": {
        "name": "status is 200",
        "path": "::status is 200",
        "id": "6210a8cd14cd70477eba5c5e4cb3fb5f",
        "passes": 1500,
        "fails": 0
      },
      "has user name": {
        "fails": 0,
        "name": "has user name",
        "path": "::has user name",
        "id": "8d2fc4722f94b0f12137e84abbc453a2",
        "passes": 1500
      }
    }
  },
  "metrics": {
    "http_req_tls_handshaking": {
      "avg": 0,
      "min": 0,
      "med": 0,
      "max": 0,
      "p(90)": 0,
      "p(95)": 0
    },
    "http_req_waiting": {
      "min": 0.817,
      "med": 3.3035,
      "max": 114.399,
      "p(90)": 5.9027,
      "p(95)": 7.5091,
      "avg": 4.075681999999998
    },
    "checks": {
      "fails": 0,
      "passes": 3000,
      "value": 1
    },
    "iterations": {
      "count": 1500,
      "rate": 24.970321108674266
    },
    "iteration_duration": {
      "avg": 105.32376366066686,
      "min": 101.291875,
      "med": 104.525,
      "max": 215.815584,
      "p(90)": 107.4402128,
      "p(95)": 109.03463095
    },
    "vus_max": {
      "value": 50,
      "min": 50,
      "max": 50
    },
    "http_req_duration{expected_response:true}": {
      "avg": 4.18047066666667,
      "min": 0.874,
      "med": 3.4,
      "max": 114.49,
      "p(90)": 6.057300000000001,
      "p(95)": 7.648199999999996
    },
    "http_reqs": {
      "count": 1500,
      "rate": 24.970321108674266
    },
    "http_req_receiving": {
      "max": 0.73,
      "p(90)": 0.105,
      "p(95)": 0.118,
      "avg": 0.06512933333333343,
      "min": 0.016,
      "med": 0.056
    },
    "vus": {
      "value": 2,
      "min": 2,
      "max": 5
    },
    "http_req_failed": {
      "passes": 0,
      "fails": 1500,
      "thresholds": {
        "rate<0.05": false
      },
      "value": 0
    },
    "http_req_connecting": {
      "max": 1,
      "p(90)": 0,
      "p(95)": 0,
      "avg": 0.007318666666666668,
      "min": 0,
      "med": 0
    },
    "data_sent": {
      "count": 306000,
      "rate": 5093.945506169551
    },
    "http_req_sending": {
      "avg": 0.03965933333333322,
      "min": 0.007,
      "med": 0.035,
      "max": 1.064,
      "p(90)": 0.053,
      "p(95)": 0.064
    },
    "data_received": {
      "count": 573000,
      "rate": 9538.662663513569
    },
    "http_req_blocked": {
      "avg": 0.022327333333333595,
      "min": 0.001,
      "med": 0.009,
      "max": 3.712,
      "p(90)": 0.015,
      "p(95)": 0.023
    },
    "http_req_duration": {
      "p(90)": 6.057300000000001,
      "p(95)": 7.648199999999996,
      "avg": 4.18047066666667,
      "min": 0.874,
      "med": 3.4,
      "max": 114.49,
      "thresholds": {
        "p(95)<400": false,
        "p(99)<800": false
      }
    }
  }
}