{
  "root_group": {
    "name": "",
    "path": "",
    "id": "d41d8cd98f00b204e9800998ecf8427e",
    "groups": {},
    "checks": {
      "status is 200": {
        "name": "status is 200",
        "path": "::status is 200",
        "id": "6210a8cd14cd70477eba5c5e4cb3fb5f",
        "passes": 6001,
        "fails": 0
      },
      "has user name": {
        "passes": 6001,
        "fails": 0,
        "name": "has user name",
        "path": "::has user name",
        "id": "8d2fc4722f94b0f12137e84abbc453a2"
      }
    }
  },
  "metrics": {
    "http_req_receiving": {
      "p(90)": 0.087,
      "p(95)": 0.103,
      "avg": 0.057170138310281476,
      "min": 0.007,
      "med": 0.05,
      "max": 6.196
    },
    "http_req_blocked": {
      "p(95)": 0.019,
      "avg": 0.015718880186635826,
      "min": 0.001,
      "med": 0.006,
      "max": 8.455,
      "p(90)": 0.013
    },
    "iteration_duration": {
      "max": 243.912833,
      "p(90)": 105.159458,
      "p(95)": 107.684625,
      "avg": 103.73828126678856,
      "min": 100.877958,
      "med": 102.356416
    },
    "vus_max": {
      "value": 125,
      "min": 125,
      "max": 125
    },
    "http_req_waiting": {
      "avg": 3.1574382602899402,
      "min": 0.598,
      "med": 1.855,
      "max": 141.389,
      "p(90)": 4.288,
      "p(95)": 6.371
    },
    "checks": {
      "passes": 12002,
      "fails": 0,
      "value": 1
    },
    "http_req_sending": {
      "med": 0.023,
      "max": 2.931,
      "p(90)": 0.046,
      "p(95)": 0.055,
      "avg": 0.030776037327112045,
      "min": 0.003
    },
    "vus": {
      "min": 10,
      "max": 12,
      "value": 10
    },
    "iterations": {
      "count": 6001,
      "rate": 99.84221070785998
    },
    "http_reqs": {
      "count": 6001,
      "rate": 99.84221070785998
    },
    "data_received": {
      "count": 2292382,
      "rate": 38139.724490402514
    },
    "http_req_failed": {
      "fails": 6001,
      "passes": 0,
      "thresholds": {
        "rate<0.05": false
      },
      "value": 0
    },
    "http_req_tls_handshaking": {
      "avg": 0,
      "min": 0,
      "med": 0,
      "max": 0,
      "p(90)": 0,
      "p(95)": 0
    },
    "http_req_connecting": {
      "med": 0,
      "max": 0.584,
      "p(90)": 0,
      "p(95)": 0,
      "avg": 0.004619730044992501,
      "min": 0
    },
    "data_sent": {
      "count": 1224204,
      "rate": 20367.810984403437
    },
    "http_req_duration{expected_response:true}": {
      "avg": 3.2453844359273383,
      "min": 0.669,
      "med": 1.935,
      "max": 141.493,
      "p(90)": 4.413,
      "p(95)": 6.534
    },
    "http_req_duration": {
      "p(90)": 4.413,
      "p(95)": 6.534,
      "avg": 3.2453844359273383,
      "min": 0.669,
      "med": 1.935,
      "max": 141.493,
      "thresholds": {
        "p(95)<400": false,
        "p(99)<800": false
      }
    }
  }
}