{
  "root_group": {
    "name": "",
    "path": "",
    "id": "d41d8cd98f00b204e9800998ecf8427e",
    "groups": {},
    "checks": {
      "status is 200": {
        "name": "status is 200",
        "path": "::status is 200",
        "id": "6210a8cd14cd70477eba5c5e4cb3fb5f",
        "passes": 40096,
        "fails": 0
      },
      "has token": {
        "passes": 40096,
        "fails": 0,
        "name": "has token",
        "path": "::has token",
        "id": "d9603435b38897bc816d10ece9a00ed4"
      }
    }
  },
  "metrics": {
    "iteration_duration": {
      "avg": 329.06813665423,
      "min": 100.683083,
      "med": 101.76502049999999,
      "max": 7360.682375,
      "p(90)": 725.6567915,
      "p(95)": 1499.7673749999994
    },
    "vus_max": {
      "value": 500,
      "min": 500,
      "max": 500
    },
    "dropped_iterations": {
      "count": 4905,
      "rate": 54.438210211933445
    },
    "checks": {
      "passes": 80192,
      "fails": 0,
      "value": 1
    },
    "http_req_duration{expected_response:true}": {
      "avg": 228.73664358040588,
      "min": 0.566,
      "med": 1.461,
      "max": 7259.339,
      "p(90)": 625.4835000000003,
      "p(95)": 1399.5624999999995
    },
    "http_req_failed": {
      "passes": 0,
      "fails": 40096,
      "thresholds": {
        "rate<0.05": false
      },
      "value": 0
    },
    "http_req_waiting": {
      "min": 0.546,
      "med": 1.408,
      "max": 6265.219,
      "p(90)": 573.317,
      "p(95)": 1309.0654999999986,
      "avg": 199.19210881384794
    },
    "http_req_duration": {
      "max": 7259.339,
      "p(90)": 625.4835000000003,
      "p(95)": 1399.5624999999995,
      "avg": 228.73664358040588,
      "min": 0.566,
      "med": 1.461,
      "thresholds": {
        "p(95)<400": true,
        "p(99)<800": true
      }
    },
    "http_req_blocked": {
      "med": 0.004,
      "max": 10.69,
      "p(90)": 0.009,
      "p(95)": 0.016,
      "avg": 0.011253267158816176,
      "min": 0
    },
    "vus": {
      "value": 50,
      "min": 50,
      "max": 500
    },
    "http_reqs": {
      "rate": 445.0060095122698,
      "count": 40096
    },
    "data_received": {
      "count": 6936608,
      "rate": 76986.03964562267
    },
    "iterations": {
      "count": 40096,
      "rate": 445.0060095122698
    },
    "http_req_connecting": {
      "p(95)": 0,
      "avg": 0.0017659866320830025,
      "min": 0,
      "med": 0,
      "max": 0.487,
      "p(90)": 0
    },
    "http_req_receiving": {
      "avg": 29.515847291501686,
      "min": 0.004,
      "med": 0.031,
      "max": 4434.527,
      "p(90)": 23.090000000000003,
      "p(95)": 84.16649999999993
    },
    "http_req_tls_handshaking": {
      "max": 0,
      "p(90)": 0,
      "p(95)": 0,
      "avg": 0,
      "min": 0,
      "med": 0
    },
    "data_sent": {
      "count": 6696032,
      "rate": 74316.00358854907
    },
    "http_req_sending": {
      "p(95)": 0.044,
      "avg": 0.02868747505985366,
      "min": 0.002,
      "med": 0.015,
      "max": 22.827,
      "p(90)": 0.03
    }
  }
}