{
  "root_group": {
    "groups": {},
    "checks": {
      "status is 200": {
        "path": "::status is 200",
        "id": "6210a8cd14cd70477eba5c5e4cb3fb5f",
        "passes": 9001,
        "fails": 0,
        "name": "status is 200"
      },
      "has token": {
        "name": "has token",
        "path": "::has token",
        "id": "d9603435b38897bc816d10ece9a00ed4",
        "passes": 9001,
        "fails": 0
      }
    },
    "name": "",
    "path": "",
    "id": "d41d8cd98f00b204e9800998ecf8427e"
  },
  "metrics": {
    "http_req_tls_handshaking": {
      "avg": 0,
      "min": 0,
      "med": 0,
      "max": 0,
      "p(90)": 0,
      "p(95)": 0
    },
    "http_req_duration{expected_response:true}": {
      "avg": 20.617593045217312,
      "min": 0.873,
      "med": 2.374,
      "max": 1002.325,
      "p(90)": 14.969,
      "p(95)": 83.542
    },
    "http_req_receiving": {
      "max": 148.694,
      "p(90)": 0.123,
      "p(95)": 0.676,
      "avg": 0.8222956338184607,
      "min": 0.005,
      "med": 0.054
    },
    "checks": {
      "passes": 18002,
      "fails": 0,
      "value": 1
    },
    "iterations": {
      "count": 9001,
      "rate": 99.89515503503877
    },
    "vus": {
      "value": 10,
      "min": 10,
      "max": 52
    },
    "http_req_failed": {
      "fails": 9001,
      "passes": 0,
      "thresholds": {
        "rate<0.05": false
      },
      "value": 0
    },
    "http_req_sending": {
      "avg": 0.06840528830129944,
      "min": 0.004,
      "med": 0.028,
      "max": 78.779,
      "p(90)": 0.056,
      "p(95)": 0.084
    },
    "data_received": {
      "count": 1557173,
      "rate": 17281.861821061706
    },
    "data_sent": {
      "rate": 16682.490890851474,
      "count": 1503167
    },
    "vus_max": {
      "value": 125,
      "min": 125,
      "max": 125
    },
    "http_req_connecting": {
      "p(95)": 0,
      "avg": 0.0027078102433063,
      "min": 0,
      "med": 0,
      "max": 0.524,
      "p(90)": 0
    },
    "http_req_duration": {
      "avg": 20.617593045217312,
      "min": 0.873,
      "med": 2.374,
      "max": 1002.325,
      "p(90)": 14.969,
      "p(95)": 83.542,
      "thresholds": {
        "p(95)<400": false,
        "p(99)<800": false
      }
    },
    "http_req_blocked": {
      "max": 77.986,
      "p(90)": 0.016,
      "p(95)": 0.028,
      "avg": 0.027705810465503022,
      "min": 0.001,
      "med": 0.007
    },
    "iteration_duration": {
      "p(90)": 116.274541,
      "p(95)": 184.370458,
      "avg": 121.30540202499762,
      "min": 101.00775,
      "med": 102.897958,
      "max": 1106.275625
    },
    "http_reqs": {
      "count": 9001,
      "rate": 99.89515503503877
    },
    "http_req_waiting": {
      "min": 0.828,
      "med": 2.273,
      "max": 979.887,
      "p(90)": 14.694,
      "p(95)": 78.228,
      "avg": 19.72689212309752
    }
  }
}