{
  "metrics": {
    "vus": {
      "min": 28,
      "max": 600,
      "value": 28
    },
    "iteration_duration": {
      "avg": 29663.814528442443,
      "min": 149.365083,
      "med": 30101.165375,
      "max": 60103.257666,
      "p(90)": 33242.924516399995,
      "p(95)": 33352.8587839
    },
    "http_req_waiting": {
      "max": 60001.59,
      "p(90)": 33133.6968,
      "p(95)": 33246.4237,
      "avg": 29519.17738950723,
      "min": 48.363,
      "med": 30000.732
    },
    "checks": {
      "passes": 146,
      "fails": 3628,
      "value": 0.03868574456809751
    },
    "data_sent": {
      "rate": 3613.853739467972,
      "count": 343434
    },
    "http_req_tls_handshaking": {
      "min": 0,
      "med": 0,
      "max": 0,
      "p(90)": 0,
      "p(95)": 0,
      "avg": 0
    },
    "http_req_sending": {
      "avg": 0.03875145733969278,
      "min": 0.006,
      "med": 0.032,
      "max": 1.339,
      "p(90)": 0.063,
      "p(95)": 0.076
    },
    "iterations": {
      "count": 1887,
      "rate": 19.856339227846
    },
    "vus_max": {
      "value": 600,
      "min": 600,
      "max": 600
    },
    "http_reqs": {
      "count": 1887,
      "rate": 19.856339227846
    },
    "http_req_receiving": {
      "avg": 43.45846793852675,
      "min": 0,
      "med": 0,
      "max": 1871.763,
      "p(90)": 0,
      "p(95)": 0
    },
    "dropped_iterations": {
      "count": 43114,
      "rate": 453.67578668222177
    },
    "http_req_duration{expected_response:true}": {
      "avg": 12314.180191780822,
      "min": 1553.328,
      "med": 11150.303,
      "max": 32916.696,
      "p(90)": 22725.483200000002,
      "p(95)": 27765.554799999994
    },
    "http_req_blocked": {
      "min": 0.002,
      "med": 0.18,
      "max": 3.748,
      "p(90)": 0.311,
      "p(95)": 0.36,
      "avg": 0.20984101748807646
    },
    "http_req_duration": {
      "avg": 29562.674608903024,
      "min": 48.385,
      "med": 30000.769,
      "max": 60001.626,
      "p(90)": 33135.1496,
      "p(95)": 33247.2451,
      "thresholds": {
        "p(95)<2000": true,
        "p(99)<5000": true
      }
    },
    "http_req_failed": {
      "passes": 1814,
      "fails": 73,
      "thresholds": {
        "rate<0.05": true
      },
      "value": 0.9613142554319025
    },
    "http_req_connecting": {
      "min": 0,
      "med": 0.148,
      "max": 3.71,
      "p(90)": 0.254,
      "p(95)": 0.29509999999999975,
      "avg": 0.17113937466878648
    },
    "data_received": {
      "count": 17513,
      "rate": 184.2840852661722
    }
  },
  "root_group": {
    "id": "d41d8cd98f00b204e9800998ecf8427e",
    "groups": {},
    "checks": {
      "status is 200": {
        "path": "::status is 200",
        "id": "6210a8cd14cd70477eba5c5e4cb3fb5f",
        "passes": 73,
        "fails": 1814,
        "name": "status is 200"
      },
      "has hash": {
        "name": "has hash",
        "path": "::has hash",
        "id": "4fad9de81b8c318fd2fdd5e4304fb822",
        "passes": 73,
        "fails": 1814
      }
    },
    "name": "",
    "path": ""
  }
}