{
  "metrics": {
    "http_req_tls_handshaking": {
      "max": 0,
      "p(90)": 0,
      "p(95)": 0,
      "avg": 0,
      "min": 0,
      "med": 0
    },
    "dropped_iterations": {
      "rate": 1.361624842200965,
      "count": 41
    },
    "http_req_blocked": {
      "p(95)": 0.011,
      "avg": 0.009000480769230941,
      "min": 0,
      "med": 0.005,
      "max": 1.657,
      "p(90)": 0.008
    },
    "http_req_duration": {
      "max": 340.534,
      "p(90)": 36.31260000000001,
      "p(95)": 98.36889999999995,
      "avg": 17.748284375000015,
      "min": 3.983,
      "med": 5.708,
      "thresholds": {
        "p(95)<2000": false,
        "p(99)<5000": false
      }
    },
    "iterations": {
      "count": 4160,
      "rate": 138.15510594039057
    },
    "http_req_failed": {
      "passes": 0,
      "fails": 4160,
      "thresholds": {
        "rate<0.05": false
      },
      "value": 0
    },
    "http_req_duration{expected_response:true}": {
      "p(95)": 98.36889999999995,
      "avg": 17.748284375000015,
      "min": 3.983,
      "med": 5.708,
      "max": 340.534,
      "p(90)": 36.31260000000001
    },
    "http_req_waiting": {
      "max": 336.732,
      "p(90)": 35.8787,
      "p(95)": 93.94075,
      "avg": 17.37509639423078,
      "min": 3.936,
      "med": 5.657500000000001
    },
    "checks": {
      "passes": 8320,
      "fails": 0,
      "value": 1
    },
    "iteration_duration": {
      "max": 442.551625,
      "p(90)": 136.5139416,
      "p(95)": 198.54391249999992,
      "avg": 118.1607904629809,
      "min": 104.256833,
      "med": 106.15341699999999
    },
    "data_sent": {
      "count": 694720,
      "rate": 23071.902692045227
    },
    "http_req_sending": {
      "avg": 0.021772115384615758,
      "min": 0.004,
      "med": 0.02,
      "max": 0.503,
      "p(90)": 0.032,
      "p(95)": 0.039
    },
    "vus_max": {
      "value": 50,
      "min": 23,
      "max": 50
    },
    "http_req_connecting": {
      "p(90)": 0,
      "p(95)": 0,
      "avg": 0.002573798076923077,
      "min": 0,
      "med": 0,
      "max": 1.08
    },
    "vus": {
      "value": 26,
      "min": 15,
      "max": 35
    },
    "http_req_receiving": {
      "avg": 0.35141586538461306,
      "min": 0.008,
      "med": 0.036,
      "max": 17.035,
      "p(90)": 0.312,
      "p(95)": 1.3201999999999994
    },
    "data_received": {
      "count": 719680,
      "rate": 23900.83332768757
    },
    "http_reqs": {
      "count": 4160,
      "rate": 138.15510594039057
    }
  },
  "root_group": {
    "groups": {},
    "checks": {
      "status is 200": {
        "fails": 0,
        "name": "status is 200",
        "path": "::status is 200",
        "id": "6210a8cd14cd70477eba5c5e4cb3fb5f",
        "passes": 4160
      },
      "has token": {
        "name": "has token",
        "path": "::has token",
        "id": "d9603435b38897bc816d10ece9a00ed4",
        "passes": 4160,
        "fails": 0
      }
    },
    "name": "",
    "path": "",
    "id": "d41d8cd98f00b204e9800998ecf8427e"
  }
}