{
  "root_group": {
    "name": "",
    "path": "",
    "id": "d41d8cd98f00b204e9800998ecf8427e",
    "groups": {},
    "checks": {
      "status is 200": {
        "name": "status is 200",
        "path": "::status is 200",
        "id": "6210a8cd14cd70477eba5c5e4cb3fb5f",
        "passes": 6001,
        "fails": 0
      },
      "has user name": {
        "name": "has user name",
        "path": "::has user name",
        "id": "8d2fc4722f94b0f12137e84abbc453a2",
        "passes": 6001,
        "fails": 0
      }
    }
  },
  "metrics": {
    "iterations": {
      "count": 6001,
      "rate": 99.84427387931541
    },
    "vus_max": {
      "value": 125,
      "min": 125,
      "max": 125
    },
    "vus": {
      "value": 10,
      "min": 10,
      "max": 11
    },
    "http_reqs": {
      "count": 6001,
      "rate": 99.84427387931541
    },
    "http_req_tls_handshaking": {
      "avg": 0,
      "min": 0,
      "med": 0,
      "max": 0,
      "p(90)": 0,
      "p(95)": 0
    },
    "data_received": {
      "count": 2292382,
      "rate": 38140.51262189849
    },
    "http_req_failed": {
      "passes": 0,
      "fails": 6001,
      "thresholds": {
        "rate<0.05": false
      },
      "value": 0
    },
    "http_req_connecting": {
      "avg": 0.005377937010498248,
      "min": 0,
      "med": 0,
      "max": 2.362,
      "p(90)": 0,
      "p(95)": 0
    },
    "http_req_duration": {
      "max": 70.543,
      "p(90)": 3.724,
      "p(95)": 4.277,
      "avg": 2.2032691218130345,
      "min": 0.542,
      "med": 1.731,
      "thresholds": {
        "p(95)<400": false,
        "p(99)<800": false
      }
    },
    "http_req_waiting": {
      "avg": 2.1220411598067006,
      "min": 0.489,
      "med": 1.648,
      "max": 70.467,
      "p(90)": 3.605,
      "p(95)": 4.139
    },
    "data_sent": {
      "count": 1224204,
      "rate": 20368.231871380343
    },
    "iteration_duration": {
      "p(90)": 104.3445,
      "p(95)": 105.003292,
      "avg": 102.63149472237914,
      "min": 100.746417,
      "med": 102.144125,
      "max": 170.830084
    },
    "http_req_blocked": {
      "p(90)": 0.011,
      "p(95)": 0.015,
      "avg": 0.014033661056490761,
      "min": 0,
      "med": 0.006,
      "max": 3.691
    },
    "http_req_sending": {
      "min": 0.003,
      "med": 0.024,
      "max": 1.504,
      "p(90)": 0.044,
      "p(95)": 0.049,
      "avg": 0.027889018496917252
    },
    "http_req_receiving": {
      "avg": 0.05333894350941493,
      "min": 0.006,
      "med": 0.046,
      "max": 1.281,
      "p(90)": 0.09,
      "p(95)": 0.106
    },
    "checks": {
      "passes": 12002,
      "fails": 0,
      "value": 1
    },
    "http_req_duration{expected_response:true}": {
      "p(95)": 4.277,
      "avg": 2.2032691218130345,
      "min": 0.542,
      "med": 1.731,
      "max": 70.543,
      "p(90)": 3.724
    }
  }
}