{
  "root_group": {
    "name": "",
    "path": "",
    "id": "d41d8cd98f00b204e9800998ecf8427e",
    "groups": {},
    "checks": {
      "status is 200": {
        "fails": 0,
        "name": "status is 200",
        "path": "::status is 200",
        "id": "6210a8cd14cd70477eba5c5e4cb3fb5f",
        "passes": 1501
      },
      "has user name": {
        "passes": 1501,
        "fails": 0,
        "name": "has user name",
        "path": "::has user name",
        "id": "8d2fc4722f94b0f12137e84abbc453a2"
      }
    }
  },
  "metrics": {
    "checks": {
      "passes": 3002,
      "fails": 0,
      "value": 1
    },
    "http_req_connecting": {
      "med": 0,
      "max": 90.13401,
      "p(90)": 0,
      "p(95)": 0,
      "avg": 0.12165105996002663,
      "min": 0
    },
    "http_req_duration{expected_response:true}": {
      "p(95)": 21.97184,
      "avg": 7.334855271152561,
      "min": 3.24791,
      "med": 4.478578,
      "max": 174.195023,
      "p(90)": 6.57012
    },
    "vus_max": {
      "min": 49,
      "max": 50,
      "value": 50
    },
    "http_req_tls_handshaking": {
      "avg": 0,
      "min": 0,
      "med": 0,
      "max": 0,
      "p(90)": 0,
      "p(95)": 0
    },
    "http_req_sending": {
      "p(95)": 0.082325,
      "avg": 0.04685920386409072,
      "min": 0.023824,
      "med": 0.040947,
      "max": 0.400992,
      "p(90)": 0.061666
    },
    "data_sent": {
      "count": 351234,
      "rate": 5843.629429073475
    },
    "http_req_waiting": {
      "max": 174.079858,
      "p(90)": 6.455494,
      "p(95)": 21.860851,
      "avg": 7.057170752165215,
      "min": 3.126222,
      "med": 4.333045
    },
    "data_received": {
      "rate": 10638.402293954274,
      "count": 639426
    },
    "iterations": {
      "count": 1501,
      "rate": 24.972775337920833
    },
    "http_req_duration": {
      "p(90)": 6.57012,
      "p(95)": 21.97184,
      "avg": 7.334855271152561,
      "min": 3.24791,
      "med": 4.478578,
      "max": 174.195023,
      "thresholds": {
        "p(95)<400": false,
        "p(99)<800": false
      }
    },
    "http_reqs": {
      "rate": 24.972775337920833,
      "count": 1501
    },
    "http_req_receiving": {
      "min": 0.033323,
      "med": 0.089558,
      "max": 100.120416,
      "p(90)": 0.128901,
      "p(95)": 0.142567,
      "avg": 0.23082531512325125
    },
    "http_req_blocked": {
      "avg": 0.135749814123917,
      "min": 0.005761,
      "med": 0.007864,
      "max": 92.002705,
      "p(90)": 0.011762,
      "p(95)": 0.027171
    },
    "iteration_duration": {
      "max": 314.851689,
      "p(90)": 112.951195,
      "p(95)": 123.544448,
      "avg": 109.13525099866774,
      "min": 103.635577,
      "med": 105.502046
    },
    "http_req_failed": {
      "passes": 0,
      "fails": 1501,
      "thresholds": {
        "rate<0.05": false
      },
      "value": 0
    },
    "vus": {
      "value": 2,
      "min": 0,
      "max": 5
    }
  }
}