{
  "metrics": {
    "http_req_blocked": {
      "avg": 0.025449217854763503,
      "min": 0.005359,
      "med": 0.008205,
      "max": 2.748825,
      "p(90)": 0.012303,
      "p(95)": 0.030457
    },
    "http_req_sending": {
      "max": 0.372499,
      "p(90)": 0.072836,
      "p(95)": 0.092875,
      "avg": 0.050394865423051265,
      "min": 0.025608,
      "med": 0.043411
    },
    "http_req_connecting": {
      "avg": 0.011007931379080614,
      "min": 0,
      "med": 0,
      "max": 0.554129,
      "p(90)": 0,
      "p(95)": 0
    },
    "http_req_waiting": {
      "med": 3.411306,
      "max": 161.960833,
      "p(90)": 3.925071,
      "p(95)": 4.314249,
      "avg": 4.077568964690205,
      "min": 2.184386
    },
    "vus_max": {
      "max": 50,
      "value": 50,
      "min": 47
    },
    "http_reqs": {
      "count": 1501,
      "rate": 24.972727522187746
    },
    "http_req_receiving": {
      "avg": 0.3441401172551633,
      "min": 0.044784,
      "med": 0.099026,
      "max": 100.113864,
      "p(90)": 0.136767,
      "p(95)": 0.153228
    },
    "checks": {
      "passes": 3002,
      "fails": 0,
      "value": 1
    },
    "http_req_duration{expected_response:true}": {
      "p(95)": 4.51143,
      "avg": 4.472103947368417,
      "min": 2.273103,
      "med": 3.563883,
      "max": 162.085727,
      "p(90)": 4.1066
    },
    "data_received": {
      "count": 639426,
      "rate": 10638.38192445198
    },
    "http_req_duration": {
      "med": 3.563883,
      "max": 162.085727,
      "p(90)": 4.1066,
      "p(95)": 4.51143,
      "avg": 4.472103947368417,
      "min": 2.273103,
      "thresholds": {
        "p(95)<400": false,
        "p(99)<800": false
      }
    },
    "vus": {
      "min": 0,
      "max": 4,
      "value": 3
    },
    "data_sent": {
      "count": 351234,
      "rate": 5843.618240191932
    },
    "iterations": {
      "count": 1501,
      "rate": 24.972727522187746
    },
    "iteration_duration": {
      "avg": 105.95882928980667,
      "min": 103.158443,
      "med": 104.587452,
      "max": 263.576583,
      "p(90)": 105.358658,
      "p(95)": 105.90949
    },
    "http_req_failed": {
      "passes": 0,
      "fails": 1501,
      "thresholds": {
        "rate<0.05": false
      },
      "value": 0
    },
    "http_req_tls_handshaking": {
      "max": 0,
      "p(90)": 0,
      "p(95)": 0,
      "avg": 0,
      "min": 0,
      "med": 0
    }
  },
  "root_group": {
    "name": "",
    "path": "",
    "id": "d41d8cd98f00b204e9800998ecf8427e",
    "groups": {},
    "checks": {
      "status is 200": {
        "name": "status is 200",
        "path": "::status is 200",
        "id": "6210a8cd14cd70477eba5c5e4cb3fb5f",
        "passes": 1501,
        "fails": 0
      },
      "has user name": {
        "name": "has user name",
        "path": "::has user name",
        "id": "8d2fc4722f94b0f12137e84abbc453a2",
        "passes": 1501,
        "fails": 0
      }
    }
  }
}