{
  "metrics": {
    "data_received": {
      "count": 15676323,
      "rate": 174177.9160086195
    },
    "http_req_receiving": {
      "min": 0,
      "med": 0.081,
      "max": 576.611,
      "p(90)": 77.36460000000001,
      "p(95)": 93.66444999999996,
      "avg": 18.022591955561733
    },
    "http_req_failed": {
      "passes": 42544,
      "fails": 17224,
      "thresholds": {
        "rate<0.05": true
      },
      "value": 0.7118190335965734
    },
    "http_req_waiting": {
      "avg": 310.09227220252035,
      "min": 0,
      "med": 0.545,
      "max": 28812.252,
      "p(90)": 669.4188000000001,
      "p(95)": 870.5447499999999
    },
    "iteration_duration": {
      "avg": 412.6019026797178,
      "min": 0.571042,
      "med": 100.90522949999999,
      "max": 28818.9995,
      "p(90)": 836.5011457,
      "p(95)": 1082.7077475999997
    },
    "vus": {
      "value": 1,
      "min": 0,
      "max": 800
    },
    "http_req_tls_handshaking": {
      "p(90)": 0,
      "p(95)": 0,
      "avg": 0,
      "min": 0,
      "med": 0,
      "max": 0
    },
    "dropped_iterations": {
      "count": 3232,
      "rate": 35.91039968619288
    },
    "checks": {
      "passes": 34448,
      "fails": 85088,
      "value": 0.2881809664034266
    },
    "vus_max": {
      "value": 800,
      "min": 700,
      "max": 800
    },
    "http_req_duration{expected_response:true}": {
      "med": 565.781,
      "max": 28567.433,
      "p(90)": 1103.3205,
      "p(95)": 1295.1535999999999,
      "avg": 971.3577524384613,
      "min": 9.022
    },
    "http_req_blocked": {
      "p(95)": 0.212,
      "avg": 0.11917147972158894,
      "min": 0,
      "med": 0.084,
      "max": 33.765,
      "p(90)": 0.168
    },
    "data_sent": {
      "count": 8464562,
      "rate": 94048.82567715352
    },
    "iterations": {
      "count": 59768,
      "rate": 664.07573281076
    },
    "http_req_duration": {
      "p(90)": 738.9387,
      "p(95)": 982.5456,
      "avg": 328.13997468545347,
      "min": 0,
      "med": 0.649,
      "max": 28812.288,
      "thresholds": {
        "p(99)<800": true,
        "p(95)<400": true
      }
    },
    "http_reqs": {
      "count": 59768,
      "rate": 664.07573281076
    },
    "http_req_connecting": {
      "avg": 0.0911749933074568,
      "min": 0,
      "med": 0.068,
      "max": 25.116,
      "p(90)": 0.132,
      "p(95)": 0.159
    },
    "http_req_sending": {
      "avg": 0.02511052737250335,
      "min": 0,
      "med": 0.012,
      "max": 33.544,
      "p(90)": 0.035,
      "p(95)": 0.046
    }
  },
  "root_group": {
    "name": "",
    "path": "",
    "id": "d41d8cd98f00b204e9800998ecf8427e",
    "groups": {},
    "checks": {
      "status is 200": {
        "name": "status is 200",
        "path": "::status is 200",
        "id": "6210a8cd14cd70477eba5c5e4cb3fb5f",
        "passes": 17224,
        "fails": 42544
      },
      "has token": {
        "name": "has token",
        "path": "::has token",
        "id": "d9603435b38897bc816d10ece9a00ed4",
        "passes": 17224,
        "fails": 42544
      }
    }
  }
}