{
  "root_group": {
    "checks": {
      "status is 200": {
        "path": "::status is 200",
        "id": "6210a8cd14cd70477eba5c5e4cb3fb5f",
        "passes": 2250,
        "fails": 0,
        "name": "status is 200"
      },
      "has user name": {
        "fails": 0,
        "name": "has user name",
        "path": "::has user name",
        "id": "8d2fc4722f94b0f12137e84abbc453a2",
        "passes": 2250
      }
    },
    "name": "",
    "path": "",
    "id": "d41d8cd98f00b204e9800998ecf8427e",
    "groups": {}
  },
  "metrics": {
    "http_req_duration": {
      "avg": 6.938403999999995,
      "min": 1.007,
      "med": 2.487,
      "max": 565.332,
      "p(90)": 6.200800000000001,
      "p(95)": 11.67579999999998,
      "thresholds": {
        "p(95)<400": false,
        "p(99)<800": false
      }
    },
    "http_req_waiting": {
      "avg": 6.831695111111111,
      "min": 0.95,
      "med": 2.403,
      "max": 559.48,
      "p(90)": 6.090300000000001,
      "p(95)": 11.595649999999978
    },
    "http_req_duration{expected_response:true}": {
      "med": 2.487,
      "max": 565.332,
      "p(90)": 6.200800000000001,
      "p(95)": 11.67579999999998,
      "avg": 6.938403999999995,
      "min": 1.007
    },
    "iterations": {
      "rate": 24.981608539793005,
      "count": 2250
    },
    "http_req_sending": {
      "max": 25.8,
      "p(90)": 0.045,
      "p(95)": 0.058,
      "avg": 0.04919911111111169,
      "min": 0.01,
      "med": 0.024
    },
    "data_sent": {
      "count": 459000,
      "rate": 5096.248142117773
    },
    "vus": {
      "value": 2,
      "min": 2,
      "max": 13
    },
    "http_req_connecting": {
      "avg": 0.004077333333333334,
      "min": 0,
      "med": 0,
      "max": 0.334,
      "p(90)": 0,
      "p(95)": 0
    },
    "data_received": {
      "rate": 9542.974462200928,
      "count": 859500
    },
    "http_reqs": {
      "count": 2250,
      "rate": 24.981608539793005
    },
    "iteration_duration": {
      "p(90)": 107.5903288,
      "p(95)": 114.27081424999997,
      "avg": 108.13093825066653,
      "min": 101.52025,
      "med": 103.5938745,
      "max": 677.054584
    },
    "vus_max": {
      "value": 50,
      "min": 50,
      "max": 50
    },
    "http_req_failed": {
      "passes": 0,
      "fails": 2250,
      "thresholds": {
        "rate<0.05": false
      },
      "value": 0
    },
    "http_req_receiving": {
      "med": 0.05,
      "max": 1.139,
      "p(90)": 0.084,
      "p(95)": 0.1,
      "avg": 0.057509777777778257,
      "min": 0.01
    },
    "http_req_tls_handshaking": {
      "med": 0,
      "max": 0,
      "p(90)": 0,
      "p(95)": 0,
      "avg": 0,
      "min": 0
    },
    "checks": {
      "passes": 4500,
      "fails": 0,
      "value": 1
    },
    "http_req_blocked": {
      "avg": 0.015162666666666888,
      "min": 0.002,
      "med": 0.006,
      "max": 3.756,
      "p(90)": 0.013,
      "p(95)": 0.022
    }
  }
}