{
  "root_group": {
    "name": "",
    "path": "",
    "id": "d41d8cd98f00b204e9800998ecf8427e",
    "groups": {},
    "checks": {
      "status is 200": {
        "path": "::status is 200",
        "id": "6210a8cd14cd70477eba5c5e4cb3fb5f",
        "passes": 2250,
        "fails": 0,
        "name": "status is 200"
      },
      "has user name": {
        "id": "8d2fc4722f94b0f12137e84abbc453a2",
        "passes": 2250,
        "fails": 0,
        "name": "has user name",
        "path": "::has user name"
      }
    }
  },
  "metrics": {
    "http_req_blocked": {
      "p(95)": 0.025,
      "avg": 0.023948444444444723,
      "min": 0.002,
      "med": 0.008,
      "max": 9.314,
      "p(90)": 0.01510000000000005
    },
    "data_received": {
      "count": 859500,
      "rate": 9542.992474592658
    },
    "vus": {
      "value": 3,
      "min": 2,
      "max": 3
    },
    "iteration_duration": {
      "avg": 104.67952795644436,
      "min": 101.498625,
      "med": 103.4278545,
      "max": 190.073291,
      "p(90)": 106.2785875,
      "p(95)": 108.20636845
    },
    "http_req_sending": {
      "med": 0.031,
      "max": 2.408,
      "p(90)": 0.051,
      "p(95)": 0.065,
      "avg": 0.03989822222222252,
      "min": 0.011
    },
    "http_req_waiting": {
      "avg": 3.410561333333331,
      "min": 0.88,
      "med": 2.128,
      "max": 86.274,
      "p(90)": 4.9247000000000005,
      "p(95)": 6.819499999999999
    },
    "http_req_duration": {
      "p(90)": 5.0417000000000005,
      "p(95)": 6.9408499999999975,
      "avg": 3.5114164444444396,
      "min": 0.949,
      "med": 2.2165,
      "max": 87.383,
      "thresholds": {
        "p(95)<400": false,
        "p(99)<800": false
      }
    },
    "http_req_duration{expected_response:true}": {
      "p(95)": 6.9408499999999975,
      "avg": 3.5114164444444396,
      "min": 0.949,
      "med": 2.2165,
      "max": 87.383,
      "p(90)": 5.0417000000000005
    },
    "iterations": {
      "count": 2250,
      "rate": 24.981655692650936
    },
    "vus_max": {
      "value": 50,
      "min": 50,
      "max": 50
    },
    "http_req_connecting": {
      "max": 0.389,
      "p(90)": 0,
      "p(95)": 0,
      "avg": 0.004956888888888889,
      "min": 0,
      "med": 0
    },
    "http_req_tls_handshaking": {
      "avg": 0,
      "min": 0,
      "med": 0,
      "max": 0,
      "p(90)": 0,
      "p(95)": 0
    },
    "http_reqs": {
      "count": 2250,
      "rate": 24.981655692650936
    },
    "http_req_receiving": {
      "avg": 0.06095688888888918,
      "min": 0.02,
      "med": 0.054,
      "max": 1.638,
      "p(90)": 0.086,
      "p(95)": 0.098
    },
    "checks": {
      "passes": 4500,
      "fails": 0,
      "value": 1
    },
    "data_sent": {
      "count": 459000,
      "rate": 5096.257761300791
    },
    "http_req_failed": {
      "passes": 0,
      "fails": 2250,
      "thresholds": {
        "rate<0.05": false
      },
      "value": 0
    }
  }
}