{
  "root_group": {
    "groups": {},
    "checks": {
      "status is 200": {
        "path": "::status is 200",
        "id": "6210a8cd14cd70477eba5c5e4cb3fb5f",
        "passes": 2251,
        "fails": 0,
        "name": "status is 200"
      },
      "has user name": {
        "name": "has user name",
        "path": "::has user name",
        "id": "8d2fc4722f94b0f12137e84abbc453a2",
        "passes": 2251,
        "fails": 0
      }
    },
    "name": "",
    "path": "",
    "id": "d41d8cd98f00b204e9800998ecf8427e"
  },
  "metrics": {
    "iterations": {
      "count": 2251,
      "rate": 24.982282112714863
    },
    "http_reqs": {
      "rate": 24.982282112714863,
      "count": 2251
    },
    "http_req_connecting": {
      "avg": 0.004698356286095068,
      "min": 0,
      "med": 0,
      "max": 0.487,
      "p(90)": 0,
      "p(95)": 0
    },
    "http_req_sending": {
      "avg": 0.03601643713904953,
      "min": 0.009,
      "med": 0.031,
      "max": 1.679,
      "p(90)": 0.046,
      "p(95)": 0.0584999999999999
    },
    "vus_max": {
      "value": 50,
      "min": 50,
      "max": 50
    },
    "checks": {
      "fails": 0,
      "passes": 4502,
      "value": 1
    },
    "http_req_duration": {
      "max": 60.821,
      "p(90)": 4.818,
      "p(95)": 5.822999999999998,
      "avg": 3.0356974677920907,
      "min": 0.905,
      "med": 2.269,
      "thresholds": {
        "p(95)<400": false,
        "p(99)<800": false
      }
    },
    "http_req_waiting": {
      "max": 59.49,
      "p(90)": 4.672,
      "p(95)": 5.709499999999999,
      "avg": 2.931083962683248,
      "min": 0.815,
      "med": 2.168
    },
    "http_req_duration{expected_response:true}": {
      "p(95)": 5.822999999999998,
      "avg": 3.0356974677920907,
      "min": 0.905,
      "med": 2.269,
      "max": 60.821,
      "p(90)": 4.818
    },
    "http_req_failed": {
      "passes": 0,
      "fails": 2251,
      "thresholds": {
        "rate<0.05": false
      },
      "value": 0
    },
    "data_received": {
      "count": 859882,
      "rate": 9543.231767057077
    },
    "http_req_tls_handshaking": {
      "p(95)": 0,
      "avg": 0,
      "min": 0,
      "med": 0,
      "max": 0,
      "p(90)": 0
    },
    "vus": {
      "max": 3,
      "value": 2,
      "min": 2
    },
    "data_sent": {
      "count": 459204,
      "rate": 5096.385550993832
    },
    "http_req_blocked": {
      "avg": 0.01487338960462036,
      "min": 0.002,
      "med": 0.008,
      "max": 1.151,
      "p(90)": 0.013,
      "p(95)": 0.021
    },
    "iteration_duration": {
      "med": 103.369167,
      "max": 162.729917,
      "p(90)": 106.048958,
      "p(95)": 107.077,
      "avg": 104.06990352954256,
      "min": 101.388708
    },
    "http_req_receiving": {
      "p(95)": 0.103,
      "avg": 0.06859706796979145,
      "min": 0.018,
      "med": 0.056,
      "max": 5.015,
      "p(90)": 0.088
    }
  }
}