{
  "root_group": {
    "groups": {},
    "checks": {
      "status is 200": {
        "name": "status is 200",
        "path": "::status is 200",
        "id": "6210a8cd14cd70477eba5c5e4cb3fb5f",
        "passes": 9001,
        "fails": 0
      },
      "has user name": {
        "name": "has user name",
        "path": "::has user name",
        "id": "8d2fc4722f94b0f12137e84abbc453a2",
        "passes": 9001,
        "fails": 0
      }
    },
    "name": "",
    "path": "",
    "id": "d41d8cd98f00b204e9800998ecf8427e"
  },
  "metrics": {
    "http_req_connecting": {
      "avg": 0.0044032885234973895,
      "min": 0,
      "med": 0,
      "max": 9.832,
      "p(90)": 0,
      "p(95)": 0
    },
    "http_req_sending": {
      "min": 0.003,
      "med": 0.026,
      "max": 9.21,
      "p(90)": 0.043,
      "p(95)": 0.051,
      "avg": 0.03418486834796091
    },
    "http_req_waiting": {
      "p(90)": 3.724,
      "p(95)": 6.165,
      "avg": 3.6210974336184893,
      "min": 0.544,
      "med": 1.494,
      "max": 165.898
    },
    "http_req_duration": {
      "avg": 3.704494945006121,
      "min": 0.587,
      "med": 1.566,
      "max": 165.983,
      "p(90)": 3.834,
      "p(95)": 6.265,
      "thresholds": {
        "p(95)<400": false,
        "p(99)<800": false
      }
    },
    "data_sent": {
      "count": 1836204,
      "rate": 20378.066580487528
    },
    "iteration_duration": {
      "p(90)": 104.549542,
      "p(95)": 107.425416,
      "avg": 104.15335537140265,
      "min": 100.737042,
      "med": 101.946958,
      "max": 268.401375
    },
    "http_req_failed": {
      "passes": 0,
      "fails": 9001,
      "thresholds": {
        "rate<0.05": false
      },
      "value": 0
    },
    "checks": {
      "passes": 18002,
      "fails": 0,
      "value": 1
    },
    "vus": {
      "value": 11,
      "min": 10,
      "max": 13
    },
    "http_req_duration{expected_response:true}": {
      "med": 1.566,
      "max": 165.983,
      "p(90)": 3.834,
      "p(95)": 6.265,
      "avg": 3.704494945006121,
      "min": 0.587
    },
    "iterations": {
      "count": 9001,
      "rate": 99.89248323768396
    },
    "http_req_blocked": {
      "avg": 0.016381513165203795,
      "min": 0.001,
      "med": 0.007,
      "max": 21.331,
      "p(90)": 0.012,
      "p(95)": 0.017
    },
    "http_reqs": {
      "count": 9001,
      "rate": 99.89248323768396
    },
    "http_req_tls_handshaking": {
      "avg": 0,
      "min": 0,
      "med": 0,
      "max": 0,
      "p(90)": 0,
      "p(95)": 0
    },
    "http_req_receiving": {
      "avg": 0.04921264303966169,
      "min": 0.008,
      "med": 0.042,
      "max": 3.608,
      "p(90)": 0.071,
      "p(95)": 0.086
    },
    "data_received": {
      "count": 3438382,
      "rate": 38158.92859679527
    },
    "vus_max": {
      "value": 125,
      "min": 125,
      "max": 125
    }
  }
}