{
  "root_group": {
    "name": "",
    "path": "",
    "id": "d41d8cd98f00b204e9800998ecf8427e",
    "groups": {},
    "checks": {
      "status is 200": {
        "name": "status is 200",
        "path": "::status is 200",
        "id": "6210a8cd14cd70477eba5c5e4cb3fb5f",
        "passes": 2984,
        "fails": 0
      },
      "has token": {
        "fails": 0,
        "name": "has token",
        "path": "::has token",
        "id": "d9603435b38897bc816d10ece9a00ed4",
        "passes": 2984
      }
    }
  },
  "metrics": {
    "iteration_duration": {
      "avg": 108.7146172667559,
      "min": 104.391792,
      "med": 106.17375,
      "max": 318.07675,
      "p(90)": 108.465333,
      "p(95)": 109.83257935
    },
    "http_req_waiting": {
      "avg": 8.102441353887402,
      "min": 4.075,
      "med": 5.669,
      "max": 209.121,
      "p(90)": 7.793699999999999,
      "p(95)": 8.72255
    },
    "http_req_duration": {
      "med": 5.742,
      "max": 217.366,
      "p(90)": 7.8688,
      "p(95)": 8.817449999999997,
      "avg": 8.21530663538874,
      "min": 4.116,
      "thresholds": {
        "p(95)<2000": false,
        "p(99)<5000": false
      }
    },
    "dropped_iterations": {
      "count": 16,
      "rate": 0.5316154711000207
    },
    "data_received": {
      "count": 516232,
      "rate": 17152.30736730662
    },
    "vus_max": {
      "value": 26,
      "min": 14,
      "max": 26
    },
    "http_req_tls_handshaking": {
      "min": 0,
      "med": 0,
      "max": 0,
      "p(90)": 0,
      "p(95)": 0,
      "avg": 0
    },
    "data_sent": {
      "count": 498328,
      "rate": 16557.429655145697
    },
    "http_req_duration{expected_response:true}": {
      "avg": 8.21530663538874,
      "min": 4.116,
      "med": 5.742,
      "max": 217.366,
      "p(90)": 7.8688,
      "p(95)": 8.817449999999997
    },
    "checks": {
      "passes": 5968,
      "fails": 0,
      "value": 1
    },
    "http_req_failed": {
      "passes": 0,
      "fails": 2984,
      "thresholds": {
        "rate<0.05": false
      },
      "value": 0
    },
    "http_req_connecting": {
      "p(90)": 0,
      "p(95)": 0,
      "avg": 0.0015140750670241286,
      "min": 0,
      "med": 0,
      "max": 0.427
    },
    "http_reqs": {
      "count": 2984,
      "rate": 99.14628536015387
    },
    "iterations": {
      "count": 2984,
      "rate": 99.14628536015387
    },
    "http_req_blocked": {
      "p(95)": 0.013,
      "avg": 0.010277144772118094,
      "min": 0.001,
      "med": 0.007,
      "max": 1.132,
      "p(90)": 0.011
    },
    "http_req_receiving": {
      "med": 0.038,
      "max": 33.372,
      "p(90)": 0.056,
      "p(95)": 0.07284999999999986,
      "avg": 0.08106668900804223,
      "min": 0.008
    },
    "vus": {
      "value": 11,
      "min": 10,
      "max": 12
    },
    "http_req_sending": {
      "med": 0.03,
      "max": 2.312,
      "p(90)": 0.041,
      "p(95)": 0.048,
      "avg": 0.031798592493297854,
      "min": 0.004
    }
  }
}