{
  "metrics": {
    "http_req_duration{expected_response:true}": {
      "avg": 93.52652703566702,
      "min": 0.55,
      "med": 1.167,
      "max": 2372.546,
      "p(90)": 246.62710000000033,
      "p(95)": 611.5033999999999
    },
    "dropped_iterations": {
      "count": 1207,
      "rate": 13.395889659377596
    },
    "http_req_failed": {
      "passes": 0,
      "fails": 43794,
      "thresholds": {
        "rate<0.05": false
      },
      "value": 0
    },
    "vus": {
      "value": 51,
      "min": 47,
      "max": 500
    },
    "http_req_duration": {
      "avg": 93.52652703566702,
      "min": 0.55,
      "med": 1.167,
      "max": 2372.546,
      "p(90)": 246.62710000000033,
      "p(95)": 611.5033999999999,
      "thresholds": {
        "p(95)<400": true,
        "p(99)<800": true
      }
    },
    "http_req_tls_handshaking": {
      "avg": 0,
      "min": 0,
      "med": 0,
      "max": 0,
      "p(90)": 0,
      "p(95)": 0
    },
    "data_sent": {
      "rate": 81169.9683687197,
      "count": 7313598
    },
    "data_received": {
      "count": 7576362,
      "rate": 84086.25465741621
    },
    "http_req_connecting": {
      "min": 0,
      "med": 0,
      "max": 0.488,
      "p(90)": 0,
      "p(95)": 0,
      "avg": 0.0016519614559072017
    },
    "checks": {
      "passes": 87588,
      "fails": 0,
      "value": 1
    },
    "http_reqs": {
      "count": 43794,
      "rate": 486.0477147827527
    },
    "http_req_sending": {
      "avg": 0.023400374480520614,
      "min": 0.002,
      "med": 0.013,
      "max": 15.955,
      "p(90)": 0.026,
      "p(95)": 0.038
    },
    "iterations": {
      "rate": 486.0477147827527,
      "count": 43794
    },
    "vus_max": {
      "value": 500,
      "min": 500,
      "max": 500
    },
    "iteration_duration": {
      "avg": 193.90922650787687,
      "min": 100.656375,
      "med": 101.401729,
      "max": 2472.792417,
      "p(90)": 347.0459624000002,
      "p(95)": 712.2055646999993
    },
    "http_req_blocked": {
      "p(90)": 0.007,
      "p(95)": 0.012,
      "avg": 0.009007535278802823,
      "min": 0,
      "med": 0.004,
      "max": 12.044
    },
    "http_req_waiting": {
      "p(90)": 226.81220000000005,
      "p(95)": 547.9416999999997,
      "avg": 86.06613456181235,
      "min": 0.532,
      "med": 1.127,
      "max": 2057.485
    },
    "http_req_receiving": {
      "max": 1161.81,
      "p(90)": 10.974400000000001,
      "p(95)": 43.462799999999945,
      "avg": 7.43699209937398,
      "min": 0.004,
      "med": 0.025
    }
  },
  "root_group": {
    "name": "",
    "path": "",
    "id": "d41d8cd98f00b204e9800998ecf8427e",
    "groups": {},
    "checks": {
      "status is 200": {
        "id": "6210a8cd14cd70477eba5c5e4cb3fb5f",
        "passes": 43794,
        "fails": 0,
        "name": "status is 200",
        "path": "::status is 200"
      },
      "has token": {
        "fails": 0,
        "name": "has token",
        "path": "::has token",
        "id": "d9603435b38897bc816d10ece9a00ed4",
        "passes": 43794
      }
    }
  }
}