{
  "root_group": {
    "path": "",
    "id": "d41d8cd98f00b204e9800998ecf8427e",
    "groups": {},
    "checks": {
      "status is 200": {
        "name": "status is 200",
        "path": "::status is 200",
        "id": "6210a8cd14cd70477eba5c5e4cb3fb5f",
        "passes": 3432,
        "fails": 0
      },
      "has token": {
        "id": "d9603435b38897bc816d10ece9a00ed4",
        "passes": 3432,
        "fails": 0,
        "name": "has token",
        "path": "::has token"
      }
    },
    "name": ""
  },
  "metrics": {
    "http_req_failed": {
      "passes": 0,
      "fails": 3432,
      "thresholds": {
        "rate<0.05": false
      },
      "value": 0
    },
    "http_req_waiting": {
      "max": 682.953,
      "p(90)": 99.93370000000002,
      "p(95)": 293.7269499999998,
      "avg": 39.27193881118882,
      "min": 3.985,
      "med": 5.785
    },
    "http_req_sending": {
      "avg": 0.02694055944055984,
      "min": 0.005,
      "med": 0.02,
      "max": 5.49,
      "p(90)": 0.033,
      "p(95)": 0.04
    },
    "checks": {
      "passes": 6864,
      "fails": 0,
      "value": 1
    },
    "http_req_connecting": {
      "med": 0,
      "max": 0.347,
      "p(90)": 0,
      "p(95)": 0,
      "avg": 0.0023516899766899773,
      "min": 0
    },
    "http_reqs": {
      "count": 3432,
      "rate": 114.02209656535345
    },
    "http_req_duration": {
      "avg": 39.55126165501165,
      "min": 4.037,
      "med": 5.837,
      "max": 684.201,
      "p(90)": 100.56170000000004,
      "p(95)": 295.0493999999999,
      "thresholds": {
        "p(95)<2000": false,
        "p(99)<5000": false
      }
    },
    "http_req_blocked": {
      "p(95)": 0.012,
      "avg": 0.011076631701631858,
      "min": 0.001,
      "med": 0.005,
      "max": 3.28,
      "p(90)": 0.009
    },
    "data_sent": {
      "count": 573144,
      "rate": 19041.690126414025
    },
    "iteration_duration": {
      "avg": 139.98710210489503,
      "min": 104.4855,
      "med": 106.2777915,
      "max": 784.9515,
      "p(90)": 201.63005830000003,
      "p(95)": 395.42123909999987
    },
    "vus": {
      "value": 13,
      "min": 11,
      "max": 37
    },
    "data_received": {
      "count": 593736,
      "rate": 19725.822705806146
    },
    "http_req_receiving": {
      "avg": 0.2523822843822837,
      "min": 0.007,
      "med": 0.035,
      "max": 38.68,
      "p(90)": 0.38380000000000014,
      "p(95)": 1.0794999999999983
    },
    "vus_max": {
      "value": 50,
      "min": 18,
      "max": 50
    },
    "http_req_duration{expected_response:true}": {
      "avg": 39.55126165501165,
      "min": 4.037,
      "med": 5.837,
      "max": 684.201,
      "p(90)": 100.56170000000004,
      "p(95)": 295.0493999999999
    },
    "http_req_tls_handshaking": {
      "avg": 0,
      "min": 0,
      "med": 0,
      "max": 0,
      "p(90)": 0,
      "p(95)": 0
    },
    "iterations": {
      "count": 3432,
      "rate": 114.02209656535345
    },
    "dropped_iterations": {
      "count": 168,
      "rate": 5.581501230471847
    }
  }
}