{
  "root_group": {
    "name": "",
    "path": "",
    "id": "d41d8cd98f00b204e9800998ecf8427e",
    "groups": {},
    "checks": {
      "status is 200": {
        "fails": 0,
        "name": "status is 200",
        "path": "::status is 200",
        "id": "6210a8cd14cd70477eba5c5e4cb3fb5f",
        "passes": 6001
      },
      "has user name": {
        "path": "::has user name",
        "id": "8d2fc4722f94b0f12137e84abbc453a2",
        "passes": 6001,
        "fails": 0,
        "name": "has user name"
      }
    }
  },
  "metrics": {
    "vus": {
      "value": 10,
      "min": 10,
      "max": 11
    },
    "checks": {
      "passes": 12002,
      "fails": 0,
      "value": 1
    },
    "http_req_duration{expected_response:true}": {
      "p(90)": 4.269,
      "p(95)": 7.096,
      "avg": 3.886877853691061,
      "min": 0.605,
      "med": 1.949,
      "max": 199.469
    },
    "data_sent": {
      "rate": 20368.225771444864,
      "count": 1224204
    },
    "http_req_blocked": {
      "med": 0.006,
      "max": 1.817,
      "p(90)": 0.011,
      "p(95)": 0.016,
      "avg": 0.012227628728545468,
      "min": 0.001
    },
    "iteration_duration": {
      "med": 102.333792,
      "max": 300.027666,
      "p(90)": 105.060083,
      "p(95)": 108.468833,
      "avg": 104.41758057990334,
      "min": 100.749333
    },
    "vus_max": {
      "min": 125,
      "max": 125,
      "value": 125
    },
    "http_reqs": {
      "count": 6001,
      "rate": 99.8442439776709
    },
    "http_req_failed": {
      "passes": 0,
      "fails": 6001,
      "thresholds": {
        "rate<0.05": false
      },
      "value": 0
    },
    "http_req_waiting": {
      "avg": 3.7973391101483016,
      "min": 0.566,
      "med": 1.87,
      "max": 199.392,
      "p(90)": 4.156,
      "p(95)": 6.865
    },
    "data_received": {
      "count": 2292382,
      "rate": 38140.50119947028
    },
    "http_req_connecting": {
      "avg": 0.0037633727712047997,
      "min": 0,
      "med": 0,
      "max": 0.375,
      "p(90)": 0,
      "p(95)": 0
    },
    "http_req_tls_handshaking": {
      "p(95)": 0,
      "avg": 0,
      "min": 0,
      "med": 0,
      "max": 0,
      "p(90)": 0
    },
    "http_req_sending": {
      "p(95)": 0.05,
      "avg": 0.03415430761539698,
      "min": 0.004,
      "med": 0.022,
      "max": 8.564,
      "p(90)": 0.04
    },
    "http_req_duration": {
      "avg": 3.886877853691061,
      "min": 0.605,
      "med": 1.949,
      "max": 199.469,
      "p(90)": 4.269,
      "p(95)": 7.096,
      "thresholds": {
        "p(95)<400": false,
        "p(99)<800": false
      }
    },
    "http_req_receiving": {
      "med": 0.046,
      "max": 8.741,
      "p(90)": 0.083,
      "p(95)": 0.102,
      "avg": 0.05538443592734521,
      "min": 0.006
    },
    "iterations": {
      "count": 6001,
      "rate": 99.8442439776709
    }
  }
}