{
  "metrics": {
    "http_req_failed": {
      "passes": 0,
      "fails": 1501,
      "thresholds": {
        "rate<0.05": false
      },
      "value": 0
    },
    "http_req_waiting": {
      "max": 166.223446,
      "p(90)": 5.923357,
      "p(95)": 6.549561,
      "avg": 5.8502327968021195,
      "min": 2.736821,
      "med": 4.680457
    },
    "http_req_blocked": {
      "avg": 0.0407237168554298,
      "min": 0.00536,
      "med": 0.007844,
      "max": 3.53036,
      "p(90)": 0.011361,
      "p(95)": 0.019768
    },
    "http_req_sending": {
      "min": 0.021019,
      "med": 0.041667,
      "max": 1.018229,
      "p(90)": 0.064571,
      "p(95)": 0.08527,
      "avg": 0.04849989340439709
    },
    "data_sent": {
      "count": 351234,
      "rate": 5843.412162335441
    },
    "vus": {
      "value": 3,
      "min": 0,
      "max": 6
    },
    "http_req_tls_handshaking": {
      "med": 0,
      "max": 0,
      "p(90)": 0,
      "p(95)": 0,
      "avg": 0,
      "min": 0
    },
    "http_req_receiving": {
      "min": 0.039995,
      "med": 0.093235,
      "max": 52.031134,
      "p(90)": 0.131997,
      "p(95)": 0.147095,
      "avg": 0.1647858654230513
    },
    "iterations": {
      "count": 1501,
      "rate": 24.971846847587354
    },
    "vus_max": {
      "value": 50,
      "min": 49,
      "max": 50
    },
    "checks": {
      "passes": 3002,
      "fails": 0,
      "value": 1
    },
    "http_req_connecting": {
      "med": 0,
      "max": 1.379627,
      "p(90)": 0,
      "p(95)": 0,
      "avg": 0.02664219187208528,
      "min": 0
    },
    "http_req_duration{expected_response:true}": {
      "max": 166.403955,
      "p(90)": 6.081413,
      "p(95)": 6.706115,
      "avg": 6.06351855562958,
      "min": 2.841398,
      "med": 4.813105
    },
    "iteration_duration": {
      "avg": 107.7803893444369,
      "min": 103.149085,
      "med": 105.830683,
      "max": 351.720271,
      "p(90)": 107.28523,
      "p(95)": 108.1114
    },
    "http_req_duration": {
      "max": 166.403955,
      "p(90)": 6.081413,
      "p(95)": 6.706115,
      "avg": 6.06351855562958,
      "min": 2.841398,
      "med": 4.813105,
      "thresholds": {
        "p(95)<400": false,
        "p(99)<800": false
      }
    },
    "data_received": {
      "count": 639426,
      "rate": 10638.006757072213
    },
    "http_reqs": {
      "count": 1501,
      "rate": 24.971846847587354
    }
  },
  "root_group": {
    "name": "",
    "path": "",
    "id": "d41d8cd98f00b204e9800998ecf8427e",
    "groups": {},
    "checks": {
      "status is 200": {
        "name": "status is 200",
        "path": "::status is 200",
        "id": "6210a8cd14cd70477eba5c5e4cb3fb5f",
        "passes": 1501,
        "fails": 0
      },
      "has user name": {
        "passes": 1501,
        "fails": 0,
        "name": "has user name",
        "path": "::has user name",
        "id": "8d2fc4722f94b0f12137e84abbc453a2"
      }
    }
  }
}