{
  "root_group": {
    "path": "",
    "id": "d41d8cd98f00b204e9800998ecf8427e",
    "groups": {},
    "checks": {
      "status is 200": {
        "id": "6210a8cd14cd70477eba5c5e4cb3fb5f",
        "passes": 44379,
        "fails": 0,
        "name": "status is 200",
        "path": "::status is 200"
      },
      "has token": {
        "name": "has token",
        "path": "::has token",
        "id": "d9603435b38897bc816d10ece9a00ed4",
        "passes": 44379,
        "fails": 0
      }
    },
    "name": ""
  },
  "metrics": {
    "http_req_sending": {
      "min": 0.002,
      "med": 0.01,
      "max": 7.17,
      "p(90)": 0.019,
      "p(95)": 0.023,
      "avg": 0.012793505937491604
    },
    "vus_max": {
      "min": 500,
      "max": 500,
      "value": 500
    },
    "data_received": {
      "count": 7677567,
      "rate": 85208.8069234118
    },
    "http_req_receiving": {
      "p(90)": 0.052,
      "p(95)": 0.503099999999998,
      "avg": 0.717916492034487,
      "min": 0.004,
      "med": 0.017,
      "max": 268.173
    },
    "iteration_duration": {
      "max": 2065.127334,
      "p(90)": 103.8671666,
      "p(95)": 124.18361279999996,
      "avg": 133.96079453112975,
      "min": 100.642625,
      "med": 101.180916
    },
    "checks": {
      "passes": 88758,
      "fails": 0,
      "value": 1
    },
    "dropped_iterations": {
      "count": 622,
      "rate": 6.903212685263722
    },
    "http_reqs": {
      "count": 44379,
      "rate": 492.53645620469246
    },
    "http_req_failed": {
      "passes": 0,
      "fails": 44379,
      "thresholds": {
        "rate<0.05": false
      },
      "value": 0
    },
    "http_req_connecting": {
      "avg": 0.0015879582685504388,
      "min": 0,
      "med": 0,
      "max": 0.746,
      "p(90)": 0,
      "p(95)": 0
    },
    "http_req_duration": {
      "avg": 33.74831929516263,
      "min": 0.54,
      "med": 1.004,
      "max": 1964.922,
      "p(90)": 3.339,
      "p(95)": 24.08,
      "thresholds": {
        "p(99)<800": true,
        "p(95)<400": false
      }
    },
    "iterations": {
      "count": 44379,
      "rate": 492.53645620469246
    },
    "vus": {
      "value": 51,
      "min": 50,
      "max": 496
    },
    "http_req_waiting": {
      "avg": 33.01760929719008,
      "min": 0.523,
      "med": 0.974,
      "max": 1964.662,
      "p(90)": 3.248200000000001,
      "p(95)": 22.601899999999883
    },
    "http_req_blocked": {
      "p(95)": 0.008,
      "avg": 0.005962662520559543,
      "min": 0,
      "med": 0.003,
      "max": 4.975,
      "p(90)": 0.006
    },
    "data_sent": {
      "rate": 82253.58818618364,
      "count": 7411293
    },
    "http_req_tls_handshaking": {
      "avg": 0,
      "min": 0,
      "med": 0,
      "max": 0,
      "p(90)": 0,
      "p(95)": 0
    },
    "http_req_duration{expected_response:true}": {
      "med": 1.004,
      "max": 1964.922,
      "p(90)": 3.339,
      "p(95)": 24.08,
      "avg": 33.74831929516263,
      "min": 0.54
    }
  }
}