{
  "root_group": {
    "groups": {},
    "checks": {
      "status is 200": {
        "name": "status is 200",
        "path": "::status is 200",
        "id": "6210a8cd14cd70477eba5c5e4cb3fb5f",
        "passes": 9001,
        "fails": 0
      },
      "has user name": {
        "name": "has user name",
        "path": "::has user name",
        "id": "8d2fc4722f94b0f12137e84abbc453a2",
        "passes": 9001,
        "fails": 0
      }
    },
    "name": "",
    "path": "",
    "id": "d41d8cd98f00b204e9800998ecf8427e"
  },
  "metrics": {
    "http_req_duration{expected_response:true}": {
      "p(90)": 5.417,
      "p(95)": 26.323,
      "avg": 16.677807354738373,
      "min": 0.553,
      "med": 1.68,
      "max": 1198.82
    },
    "http_req_waiting": {
      "avg": 16.594039217864676,
      "min": 0.52,
      "med": 1.607,
      "max": 1198.616,
      "p(90)": 5.318,
      "p(95)": 26.213
    },
    "iterations": {
      "count": 9001,
      "rate": 99.89442665121598
    },
    "http_req_failed": {
      "passes": 0,
      "fails": 9001,
      "thresholds": {
        "rate<0.05": false
      },
      "value": 0
    },
    "vus": {
      "value": 10,
      "min": 10,
      "max": 94
    },
    "http_req_connecting": {
      "max": 1.253,
      "p(90)": 0,
      "p(95)": 0,
      "avg": 0.0030217753582935233,
      "min": 0,
      "med": 0
    },
    "http_req_sending": {
      "max": 33.828,
      "p(90)": 0.042,
      "p(95)": 0.052,
      "avg": 0.038154871680923595,
      "min": 0.003,
      "med": 0.024
    },
    "checks": {
      "passes": 18002,
      "fails": 0,
      "value": 1
    },
    "http_req_tls_handshaking": {
      "max": 0,
      "p(90)": 0,
      "p(95)": 0,
      "avg": 0,
      "min": 0,
      "med": 0
    },
    "http_req_duration": {
      "avg": 16.677807354738373,
      "min": 0.553,
      "med": 1.68,
      "max": 1198.82,
      "p(90)": 5.417,
      "p(95)": 26.323,
      "thresholds": {
        "p(95)<400": false,
        "p(99)<800": false
      }
    },
    "http_reqs": {
      "count": 9001,
      "rate": 99.89442665121598
    },
    "data_sent": {
      "count": 1836204,
      "rate": 20378.46303684806
    },
    "vus_max": {
      "max": 125,
      "value": 125,
      "min": 125
    },
    "iteration_duration": {
      "p(90)": 106.321417,
      "p(95)": 128.237166,
      "avg": 117.14330031763113,
      "min": 100.720708,
      "med": 102.051125,
      "max": 1299.536125
    },
    "http_req_receiving": {
      "max": 2.373,
      "p(90)": 0.067,
      "p(95)": 0.081,
      "avg": 0.04561326519275577,
      "min": 0.008,
      "med": 0.041
    },
    "data_received": {
      "count": 3438382,
      "rate": 38159.6709807645
    },
    "http_req_blocked": {
      "p(90)": 0.012,
      "p(95)": 0.019,
      "avg": 0.012700699922231114,
      "min": 0.001,
      "med": 0.006,
      "max": 2.482
    }
  }
}