{
  "metrics": {
    "vus_max": {
      "value": 500,
      "min": 450,
      "max": 500
    },
    "http_req_duration{expected_response:true}": {
      "avg": 248.41142635397753,
      "min": 0.665,
      "med": 43.8985,
      "max": 3350.003,
      "p(90)": 781.6914000000004,
      "p(95)": 1129.6550999999995
    },
    "http_req_tls_handshaking": {
      "p(90)": 0,
      "p(95)": 0,
      "avg": 0,
      "min": 0,
      "med": 0,
      "max": 0
    },
    "iterations": {
      "count": 38590,
      "rate": 428.2752253525083
    },
    "checks": {
      "passes": 77180,
      "fails": 0,
      "value": 1
    },
    "data_received": {
      "rate": 74091.61398598393,
      "count": 6676070
    },
    "http_req_duration": {
      "avg": 248.41142635397753,
      "min": 0.665,
      "med": 43.8985,
      "max": 3350.003,
      "p(90)": 781.6914000000004,
      "p(95)": 1129.6550999999995,
      "thresholds": {
        "p(95)<400": true,
        "p(99)<800": true
      }
    },
    "http_req_failed": {
      "passes": 0,
      "fails": 38590,
      "thresholds": {
        "rate<0.05": false
      },
      "value": 0
    },
    "data_sent": {
      "count": 6444530,
      "rate": 71521.96263386888
    },
    "dropped_iterations": {
      "count": 1910,
      "rate": 21.197348546859054
    },
    "iteration_duration": {
      "p(90)": 881.7811452000004,
      "p(95)": 1229.9952937499997,
      "avg": 348.7321088785199,
      "min": 100.819416,
      "med": 144.142292,
      "max": 3450.5245
    },
    "http_req_blocked": {
      "med": 0.003,
      "max": 20.888,
      "p(90)": 0.008,
      "p(95)": 0.013,
      "avg": 0.019604612593930516,
      "min": 0
    },
    "http_req_connecting": {
      "max": 18.441,
      "p(90)": 0,
      "p(95)": 0,
      "avg": 0.004034698108318217,
      "min": 0,
      "med": 0
    },
    "http_reqs": {
      "rate": 428.2752253525083,
      "count": 38590
    },
    "vus": {
      "value": 46,
      "min": 46,
      "max": 500
    },
    "http_req_waiting": {
      "min": 0.647,
      "med": 40.9855,
      "max": 3349.621,
      "p(90)": 704.0158000000002,
      "p(95)": 991.4814499999983,
      "avg": 227.8718391552212
    },
    "http_req_sending": {
      "min": 0.002,
      "med": 0.011,
      "max": 74.668,
      "p(90)": 0.028,
      "p(95)": 0.04,
      "avg": 0.03750285047940291
    },
    "http_req_receiving": {
      "med": 1.116,
      "max": 1673.592,
      "p(90)": 85.73020000000001,
      "p(95)": 96.11869999999998,
      "avg": 20.50208434827669,
      "min": 0.004
    }
  },
  "root_group": {
    "name": "",
    "path": "",
    "id": "d41d8cd98f00b204e9800998ecf8427e",
    "groups": {},
    "checks": {
      "status is 200": {
        "name": "status is 200",
        "path": "::status is 200",
        "id": "6210a8cd14cd70477eba5c5e4cb3fb5f",
        "passes": 38590,
        "fails": 0
      },
      "has token": {
        "id": "d9603435b38897bc816d10ece9a00ed4",
        "passes": 38590,
        "fails": 0,
        "name": "has token",
        "path": "::has token"
      }
    }
  }
}