{
  "metrics": {
    "data_received": {
      "count": 2974957,
      "rate": 98830.44848344395
    },
    "iterations": {
      "rate": 553.7907190655228,
      "count": 16670
    },
    "vus_max": {
      "value": 800,
      "min": 700,
      "max": 800
    },
    "http_req_duration": {
      "p(95)": 1213.1022,
      "avg": 1102.0280791241757,
      "min": 0.389,
      "med": 622.4159999999999,
      "max": 27281.076,
      "p(90)": 1060.0815,
      "thresholds": {
        "p(95)<400": true,
        "p(99)<800": true
      }
    },
    "iteration_duration": {
      "max": 27285.1145,
      "p(90)": 1160.5814,
      "p(95)": 1313.3416143999998,
      "avg": 1198.3364635419332,
      "min": 1.268542,
      "med": 722.7333125
    },
    "vus": {
      "value": 72,
      "min": 72,
      "max": 800
    },
    "http_req_duration{expected_response:true}": {
      "avg": 1013.5144926243789,
      "min": 7.112,
      "med": 653.6020000000001,
      "max": 26931.158,
      "p(90)": 1067.8808,
      "p(95)": 1199.9174999999998
    },
    "http_req_failed": {
      "passes": 1756,
      "fails": 14914,
      "thresholds": {
        "rate<0.05": true
      },
      "value": 0.1053389322135573
    },
    "checks": {
      "passes": 29828,
      "fails": 3512,
      "value": 0.8946610677864427
    },
    "data_sent": {
      "count": 2783890,
      "rate": 92483.05008394232
    },
    "http_reqs": {
      "count": 16670,
      "rate": 553.7907190655228
    },
    "http_req_blocked": {
      "p(95)": 0.176,
      "avg": 0.04184187162567173,
      "min": 0,
      "med": 0.003,
      "max": 61.18,
      "p(90)": 0.092
    },
    "http_req_connecting": {
      "avg": 0.027895920815836937,
      "min": 0,
      "med": 0,
      "max": 28.321,
      "p(90)": 0.073,
      "p(95)": 0.136
    },
    "http_req_tls_handshaking": {
      "max": 0,
      "p(90)": 0,
      "p(95)": 0,
      "avg": 0,
      "min": 0,
      "med": 0
    },
    "http_req_receiving": {
      "med": 28.8885,
      "max": 901.216,
      "p(90)": 101.6628,
      "p(95)": 184.20084999999986,
      "avg": 53.9250798440313,
      "min": 0
    },
    "dropped_iterations": {
      "count": 4331,
      "rate": 143.87928040028672
    },
    "http_req_sending": {
      "avg": 0.021169886022794276,
      "min": 0.001,
      "med": 0.011,
      "max": 10.988,
      "p(90)": 0.026,
      "p(95)": 0.041
    },
    "http_req_waiting": {
      "med": 559.4525,
      "max": 27281.053,
      "p(90)": 976.1358,
      "p(95)": 1126.6559499999996,
      "avg": 1048.081829394122,
      "min": 0.334
    }
  },
  "root_group": {
    "groups": {},
    "checks": {
      "status is 200": {
        "name": "status is 200",
        "path": "::status is 200",
        "id": "6210a8cd14cd70477eba5c5e4cb3fb5f",
        "passes": 14914,
        "fails": 1756
      },
      "has token": {
        "name": "has token",
        "path": "::has token",
        "id": "d9603435b38897bc816d10ece9a00ed4",
        "passes": 14914,
        "fails": 1756
      }
    },
    "name": "",
    "path": "",
    "id": "d41d8cd98f00b204e9800998ecf8427e"
  }
}