{
  "metrics": {
    "http_req_sending": {
      "p(95)": 0.08747849999999999,
      "avg": 0.08067877999999995,
      "min": 0.024977,
      "med": 0.0420235,
      "max": 48.277225,
      "p(90)": 0.06692710000000002
    },
    "http_req_connecting": {
      "med": 0,
      "max": 1.332519,
      "p(90)": 0,
      "p(95)": 0,
      "avg": 0.02627691733333333,
      "min": 0
    },
    "http_req_tls_handshaking": {
      "avg": 0,
      "min": 0,
      "med": 0,
      "max": 0,
      "p(90)": 0,
      "p(95)": 0
    },
    "http_req_failed": {
      "fails": 1500,
      "passes": 0,
      "thresholds": {
        "rate<0.05": false
      },
      "value": 0
    },
    "http_req_receiving": {
      "med": 0.096757,
      "max": 100.015299,
      "p(90)": 0.135064,
      "p(95)": 0.15223699999999998,
      "avg": 0.20333385733333326,
      "min": 0.033473
    },
    "data_sent": {
      "rate": 5843.615969347615,
      "count": 351000
    },
    "data_received": {
      "count": 639000,
      "rate": 10638.377790350787
    },
    "http_req_duration": {
      "min": 2.323176,
      "med": 4.8066685,
      "max": 193.854156,
      "p(90)": 6.259816100000002,
      "p(95)": 7.0706695999999996,
      "avg": 6.060216023999999,
      "thresholds": {
        "p(95)<400": false,
        "p(99)<800": false
      }
    },
    "http_req_blocked": {
      "min": 0.004248,
      "med": 0.0081655,
      "max": 3.317501,
      "p(90)": 0.01166000000000001,
      "p(95)": 0.020972099999999962,
      "avg": 0.043613007333333335
    },
    "http_req_duration{expected_response:true}": {
      "avg": 6.060216023999999,
      "min": 2.323176,
      "med": 4.8066685,
      "max": 193.854156,
      "p(90)": 6.259816100000002,
      "p(95)": 7.0706695999999996
    },
    "vus": {
      "value": 2,
      "min": 0,
      "max": 6
    },
    "checks": {
      "passes": 3000,
      "fails": 0,
      "value": 1
    },
    "vus_max": {
      "value": 50,
      "min": 49,
      "max": 50
    },
    "http_reqs": {
      "count": 1500,
      "rate": 24.972717817724853
    },
    "iteration_duration": {
      "med": 105.853245,
      "max": 395.994911,
      "p(90)": 107.6406728,
      "p(95)": 109.8167558,
      "avg": 108.55947774333342,
      "min": 103.120201
    },
    "http_req_waiting": {
      "max": 104.672923,
      "p(90)": 6.0943262,
      "p(95)": 6.874985199999999,
      "avg": 5.77620338666668,
      "min": 2.104897,
      "med": 4.660864999999999
    },
    "iterations": {
      "count": 1500,
      "rate": 24.972717817724853
    }
  },
  "root_group": {
    "checks": {
      "status is 200": {
        "name": "status is 200",
        "path": "::status is 200",
        "id": "6210a8cd14cd70477eba5c5e4cb3fb5f",
        "passes": 1500,
        "fails": 0
      },
      "has user name": {
        "path": "::has user name",
        "id": "8d2fc4722f94b0f12137e84abbc453a2",
        "passes": 1500,
        "fails": 0,
        "name": "has user name"
      }
    },
    "name": "",
    "path": "",
    "id": "d41d8cd98f00b204e9800998ecf8427e",
    "groups": {}
  }
}