{
  "root_group": {
    "name": "",
    "path": "",
    "id": "d41d8cd98f00b204e9800998ecf8427e",
    "groups": {},
    "checks": {
      "status is 200": {
        "name": "status is 200",
        "path": "::status is 200",
        "id": "6210a8cd14cd70477eba5c5e4cb3fb5f",
        "passes": 6000,
        "fails": 0
      },
      "has user name": {
        "name": "has user name",
        "path": "::has user name",
        "id": "8d2fc4722f94b0f12137e84abbc453a2",
        "passes": 6000,
        "fails": 0
      }
    }
  },
  "metrics": {
    "data_received": {
      "count": 2292000,
      "rate": 38140.708361816134
    },
    "vus": {
      "value": 10,
      "min": 10,
      "max": 16
    },
    "iteration_duration": {
      "min": 100.644666,
      "med": 102.28120849999999,
      "max": 241.086042,
      "p(90)": 104.9524583,
      "p(95)": 109.3044548,
      "avg": 104.22835255416676
    },
    "http_req_receiving": {
      "avg": 0.045875499999999826,
      "min": 0.006,
      "med": 0.039,
      "max": 1.429,
      "p(90)": 0.073,
      "p(95)": 0.08704999999999972
    },
    "http_req_sending": {
      "avg": 0.029661833333333002,
      "min": 0.002,
      "med": 0.018,
      "max": 9.051,
      "p(90)": 0.036,
      "p(95)": 0.043
    },
    "http_req_duration{expected_response:true}": {
      "med": 1.932,
      "max": 140.056,
      "p(90)": 4.2231,
      "p(95)": 7.648099999999994,
      "avg": 3.7674531666666624,
      "min": 0.499
    },
    "iterations": {
      "count": 6000,
      "rate": 99.8447862874768
    },
    "vus_max": {
      "value": 125,
      "min": 125,
      "max": 125
    },
    "http_req_blocked": {
      "avg": 0.021657499999999885,
      "min": 0,
      "med": 0.004,
      "max": 34.639,
      "p(90)": 0.01,
      "p(95)": 0.014
    },
    "http_req_waiting": {
      "max": 139.946,
      "p(90)": 4.126200000000001,
      "p(95)": 7.526099999999994,
      "avg": 3.6919158333333173,
      "min": 0.467,
      "med": 1.87
    },
    "http_req_duration": {
      "max": 140.056,
      "p(90)": 4.2231,
      "p(95)": 7.648099999999994,
      "avg": 3.7674531666666624,
      "min": 0.499,
      "med": 1.932,
      "thresholds": {
        "p(95)<400": false,
        "p(99)<800": false
      }
    },
    "http_req_failed": {
      "passes": 0,
      "fails": 6000,
      "thresholds": {
        "rate<0.05": false
      },
      "value": 0
    },
    "http_req_connecting": {
      "p(90)": 0,
      "p(95)": 0,
      "avg": 0.004277833333333331,
      "min": 0,
      "med": 0,
      "max": 2.694
    },
    "checks": {
      "passes": 12000,
      "fails": 0,
      "value": 1
    },
    "http_req_tls_handshaking": {
      "p(95)": 0,
      "avg": 0,
      "min": 0,
      "med": 0,
      "max": 0,
      "p(90)": 0
    },
    "http_reqs": {
      "count": 6000,
      "rate": 99.8447862874768
    },
    "data_sent": {
      "rate": 20368.336402645265,
      "count": 1224000
    }
  }
}