{
  "metrics": {
    "data_received": {
      "count": 639426,
      "rate": 10638.058230192595
    },
    "http_req_duration{expected_response:true}": {
      "avg": 6.257669756162553,
      "min": 2.42131,
      "med": 4.609403,
      "max": 200.258334,
      "p(90)": 6.001444,
      "p(95)": 6.761989
    },
    "http_req_blocked": {
      "med": 0.007975,
      "max": 99.710528,
      "p(90)": 0.011802,
      "p(95)": 0.030306,
      "avg": 0.21914359427048596,
      "min": 0.004278
    },
    "http_req_tls_handshaking": {
      "min": 0,
      "med": 0,
      "max": 0,
      "p(90)": 0,
      "p(95)": 0,
      "avg": 0
    },
    "checks": {
      "passes": 3002,
      "fails": 0,
      "value": 1
    },
    "http_req_sending": {
      "min": 0.01056,
      "med": 0.043331,
      "max": 100.262001,
      "p(90)": 0.070241,
      "p(95)": 0.087443,
      "avg": 0.16034581545636276
    },
    "iterations": {
      "count": 1501,
      "rate": 24.971967676508438
    },
    "http_req_failed": {
      "passes": 0,
      "fails": 1501,
      "thresholds": {
        "rate<0.05": false
      },
      "value": 0
    },
    "vus": {
      "value": 2,
      "min": 2,
      "max": 5
    },
    "http_req_receiving": {
      "avg": 0.3309581439040639,
      "min": 0.033082,
      "med": 0.094077,
      "max": 148.060048,
      "p(90)": 0.131246,
      "p(95)": 0.146324
    },
    "data_sent": {
      "count": 351234,
      "rate": 5843.440436302975
    },
    "http_req_connecting": {
      "avg": 0.20411394137241842,
      "min": 0,
      "med": 0,
      "max": 99.612744,
      "p(90)": 0,
      "p(95)": 0
    },
    "vus_max": {
      "value": 50,
      "min": 50,
      "max": 50
    },
    "http_req_waiting": {
      "avg": 5.76636579680214,
      "min": 2.283202,
      "med": 4.457719,
      "max": 166.846915,
      "p(90)": 5.832607,
      "p(95)": 6.600988
    },
    "http_req_duration": {
      "med": 4.609403,
      "max": 200.258334,
      "p(90)": 6.001444,
      "p(95)": 6.761989,
      "avg": 6.257669756162553,
      "min": 2.42131,
      "thresholds": {
        "p(95)<400": false,
        "p(99)<800": false
      }
    },
    "http_reqs": {
      "count": 1501,
      "rate": 24.971967676508438
    },
    "iteration_duration": {
      "med": 105.619677,
      "max": 400.683081,
      "p(90)": 107.392733,
      "p(95)": 109.968402,
      "avg": 109.22504639040642,
      "min": 103.26359
    }
  },
  "root_group": {
    "name": "",
    "path": "",
    "id": "d41d8cd98f00b204e9800998ecf8427e",
    "groups": {},
    "checks": {
      "status is 200": {
        "id": "6210a8cd14cd70477eba5c5e4cb3fb5f",
        "passes": 1501,
        "fails": 0,
        "name": "status is 200",
        "path": "::status is 200"
      },
      "has user name": {
        "fails": 0,
        "name": "has user name",
        "path": "::has user name",
        "id": "8d2fc4722f94b0f12137e84abbc453a2",
        "passes": 1501
      }
    }
  }
}