{
  "metrics": {
    "http_req_tls_handshaking": {
      "med": 0,
      "max": 0,
      "p(90)": 0,
      "p(95)": 0,
      "avg": 0,
      "min": 0
    },
    "vus": {
      "value": 3,
      "min": 2,
      "max": 18
    },
    "data_sent": {
      "count": 459204,
      "rate": 3971.097510989303
    },
    "iteration_duration": {
      "max": 705.338167,
      "p(90)": 107.228542,
      "p(95)": 111.674875,
      "avg": 107.77759677787637,
      "min": 101.444583,
      "med": 103.844375
    },
    "http_reqs": {
      "count": 2251,
      "rate": 19.466164269555406
    },
    "http_req_connecting": {
      "avg": 0.00511017325633052,
      "min": 0,
      "med": 0,
      "max": 1.458,
      "p(90)": 0,
      "p(95)": 0
    },
    "http_req_blocked": {
      "max": 8.247,
      "p(90)": 0.014,
      "p(95)": 0.022,
      "avg": 0.021539315859618182,
      "min": 0.002,
      "med": 0.007
    },
    "http_req_duration": {
      "min": 0.873,
      "med": 2.257,
      "max": 237.146,
      "p(90)": 5.622,
      "p(95)": 9.251499999999998,
      "avg": 5.636448245224348,
      "thresholds": {
        "p(95)<400": false,
        "p(99)<800": false
      }
    },
    "iterations": {
      "count": 2251,
      "rate": 19.466164269555406
    },
    "http_req_failed": {
      "passes": 0,
      "fails": 2251,
      "thresholds": {
        "rate<0.05": false
      },
      "value": 0
    },
    "http_req_sending": {
      "p(95)": 0.063,
      "avg": 0.040695690804087414,
      "min": 0.005,
      "med": 0.028,
      "max": 2.89,
      "p(90)": 0.05
    },
    "http_req_duration{expected_response:true}": {
      "min": 0.873,
      "med": 2.257,
      "max": 237.146,
      "p(90)": 5.622,
      "p(95)": 9.251499999999998,
      "avg": 5.636448245224348
    },
    "checks": {
      "passes": 4502,
      "fails": 0,
      "value": 1
    },
    "http_req_waiting": {
      "avg": 5.532825410928488,
      "min": 0.822,
      "med": 2.173,
      "max": 237.111,
      "p(90)": 5.438,
      "p(95)": 9.125499999999997
    },
    "http_req_receiving": {
      "min": 0.009,
      "med": 0.053,
      "max": 1.964,
      "p(90)": 0.089,
      "p(95)": 0.1094999999999999,
      "avg": 0.06292714349178183
    },
    "vus_max": {
      "value": 50,
      "min": 50,
      "max": 50
    },
    "data_received": {
      "count": 859882,
      "rate": 7436.074750970165
    }
  },
  "root_group": {
    "name": "",
    "path": "",
    "id": "d41d8cd98f00b204e9800998ecf8427e",
    "groups": {},
    "checks": {
      "status is 200": {
        "name": "status is 200",
        "path": "::status is 200",
        "id": "6210a8cd14cd70477eba5c5e4cb3fb5f",
        "passes": 2251,
        "fails": 0
      },
      "has user name": {
        "path": "::has user name",
        "id": "8d2fc4722f94b0f12137e84abbc453a2",
        "passes": 2251,
        "fails": 0,
        "name": "has user name"
      }
    }
  }
}