{
  "metrics": {
    "vus_max": {
      "min": 125,
      "max": 125,
      "value": 125
    },
    "vus": {
      "value": 10,
      "min": 10,
      "max": 10
    },
    "checks": {
      "passes": 12002,
      "fails": 0,
      "value": 1
    },
    "data_received": {
      "rate": 38139.68641724196,
      "count": 2292382
    },
    "iterations": {
      "rate": 99.84211103990042,
      "count": 6001
    },
    "http_req_duration": {
      "min": 0.578,
      "med": 1.955,
      "max": 201.979,
      "p(90)": 4.918,
      "p(95)": 10.462,
      "avg": 4.144242959506741,
      "thresholds": {
        "p(95)<400": false,
        "p(99)<800": false
      }
    },
    "http_req_duration{expected_response:true}": {
      "avg": 4.144242959506741,
      "min": 0.578,
      "med": 1.955,
      "max": 201.979,
      "p(90)": 4.918,
      "p(95)": 10.462
    },
    "http_req_waiting": {
      "med": 1.884,
      "max": 201.874,
      "p(90)": 4.799,
      "p(95)": 10.266,
      "avg": 4.055407265455761,
      "min": 0.535
    },
    "data_sent": {
      "count": 1224204,
      "rate": 20367.790652139687
    },
    "http_req_failed": {
      "passes": 0,
      "fails": 6001,
      "thresholds": {
        "rate<0.05": false
      },
      "value": 0
    },
    "iteration_duration": {
      "max": 304.194333,
      "p(90)": 105.877708,
      "p(95)": 111.431708,
      "avg": 104.6295969655059,
      "min": 100.797542,
      "med": 102.351833
    },
    "http_req_tls_handshaking": {
      "avg": 0,
      "min": 0,
      "med": 0,
      "max": 0,
      "p(90)": 0,
      "p(95)": 0
    },
    "http_req_sending": {
      "min": 0.003,
      "med": 0.022,
      "max": 14.358,
      "p(90)": 0.041,
      "p(95)": 0.053,
      "avg": 0.03563256123979347
    },
    "http_reqs": {
      "count": 6001,
      "rate": 99.84211103990042
    },
    "http_req_connecting": {
      "max": 1.244,
      "p(90)": 0,
      "p(95)": 0,
      "avg": 0.0035895684052657897,
      "min": 0,
      "med": 0
    },
    "http_req_blocked": {
      "min": 0,
      "med": 0.006,
      "max": 4.033,
      "p(90)": 0.011,
      "p(95)": 0.016,
      "avg": 0.012695884019330434
    },
    "http_req_receiving": {
      "p(90)": 0.083,
      "p(95)": 0.1,
      "avg": 0.05320313281119788,
      "min": 0.007,
      "med": 0.046,
      "max": 10.419
    }
  },
  "root_group": {
    "checks": {
      "status is 200": {
        "name": "status is 200",
        "path": "::status is 200",
        "id": "6210a8cd14cd70477eba5c5e4cb3fb5f",
        "passes": 6001,
        "fails": 0
      },
      "has user name": {
        "fails": 0,
        "name": "has user name",
        "path": "::has user name",
        "id": "8d2fc4722f94b0f12137e84abbc453a2",
        "passes": 6001
      }
    },
    "name": "",
    "path": "",
    "id": "d41d8cd98f00b204e9800998ecf8427e",
    "groups": {}
  }
}