{
  "metrics": {
    "http_req_duration{expected_response:true}": {
      "p(95)": 5.970940349999999,
      "avg": 6.478436882666664,
      "min": 3.305449,
      "med": 4.59736,
      "max": 262.942665,
      "p(90)": 5.4194971
    },
    "iterations": {
      "count": 1500,
      "rate": 24.972477589383292
    },
    "iteration_duration": {
      "avg": 108.35469613933333,
      "min": 104.08492,
      "med": 105.65774400000001,
      "max": 396.485722,
      "p(90)": 106.7243964,
      "p(95)": 107.50061655
    },
    "vus": {
      "min": 3,
      "max": 7,
      "value": 3
    },
    "vus_max": {
      "value": 50,
      "min": 50,
      "max": 50
    },
    "http_req_duration": {
      "min": 3.305449,
      "med": 4.59736,
      "max": 262.942665,
      "p(90)": 5.4194971,
      "p(95)": 5.970940349999999,
      "avg": 6.478436882666664,
      "thresholds": {
        "p(95)<400": false,
        "p(99)<800": false
      }
    },
    "http_req_receiving": {
      "min": 0.034525,
      "med": 0.0927085,
      "max": 12.414288,
      "p(90)": 0.130099,
      "p(95)": 0.145226,
      "avg": 0.11215523333333334
    },
    "data_received": {
      "count": 639000,
      "rate": 10638.275453077282
    },
    "http_req_blocked": {
      "avg": 0.09935320266666653,
      "min": 0.00541,
      "med": 0.007995,
      "max": 37.306214,
      "p(90)": 0.011613000000000002,
      "p(95)": 0.024947499999999963
    },
    "http_req_waiting": {
      "avg": 6.240979243333324,
      "min": 3.192516,
      "med": 4.4448045,
      "max": 262.729805,
      "p(90)": 5.2678642,
      "p(95)": 5.791869999999999
    },
    "http_req_failed": {
      "passes": 0,
      "fails": 1500,
      "thresholds": {
        "rate<0.05": false
      },
      "value": 0
    },
    "data_sent": {
      "count": 351000,
      "rate": 5843.55975591569
    },
    "checks": {
      "passes": 3000,
      "fails": 0,
      "value": 1
    },
    "http_reqs": {
      "count": 1500,
      "rate": 24.972477589383292
    },
    "http_req_connecting": {
      "avg": 0.054075277333333324,
      "min": 0,
      "med": 0,
      "max": 36.94256,
      "p(90)": 0,
      "p(95)": 0
    },
    "http_req_sending": {
      "avg": 0.1253024059999996,
      "min": 0.020678,
      "med": 0.041693,
      "max": 115.509201,
      "p(90)": 0.06986810000000006,
      "p(95)": 0.08744404999999995
    },
    "http_req_tls_handshaking": {
      "avg": 0,
      "min": 0,
      "med": 0,
      "max": 0,
      "p(90)": 0,
      "p(95)": 0
    }
  },
  "root_group": {
    "name": "",
    "path": "",
    "id": "d41d8cd98f00b204e9800998ecf8427e",
    "groups": {},
    "checks": {
      "status is 200": {
        "id": "6210a8cd14cd70477eba5c5e4cb3fb5f",
        "passes": 1500,
        "fails": 0,
        "name": "status is 200",
        "path": "::status is 200"
      },
      "has user name": {
        "name": "has user name",
        "path": "::has user name",
        "id": "8d2fc4722f94b0f12137e84abbc453a2",
        "passes": 1500,
        "fails": 0
      }
    }
  }
}