{
  "metrics": {
    "http_req_connecting": {
      "max": 0.426,
      "p(90)": 0,
      "p(95)": 0,
      "avg": 0.002507333333333332,
      "min": 0,
      "med": 0
    },
    "vus": {
      "min": 10,
      "max": 25,
      "value": 10
    },
    "http_reqs": {
      "count": 9000,
      "rate": 99.89546383689307
    },
    "http_req_tls_handshaking": {
      "med": 0,
      "max": 0,
      "p(90)": 0,
      "p(95)": 0,
      "avg": 0,
      "min": 0
    },
    "http_req_failed": {
      "passes": 0,
      "fails": 9000,
      "thresholds": {
        "rate<0.05": false
      },
      "value": 0
    },
    "http_req_sending": {
      "p(95)": 0.053,
      "avg": 0.03140044444444398,
      "min": 0.003,
      "med": 0.024,
      "max": 6.875,
      "p(90)": 0.042
    },
    "iterations": {
      "count": 9000,
      "rate": 99.89546383689307
    },
    "http_req_waiting": {
      "avg": 4.859141444444463,
      "min": 0.735,
      "med": 1.8445,
      "max": 295.422,
      "p(90)": 4.8583,
      "p(95)": 11.039649999999988
    },
    "data_sent": {
      "count": 1503000,
      "rate": 16682.542460761142
    },
    "http_req_duration": {
      "p(95)": 11.237299999999975,
      "avg": 4.9827935555555705,
      "min": 0.748,
      "med": 1.917,
      "max": 295.549,
      "p(90)": 4.981400000000001,
      "thresholds": {
        "p(99)<800": false,
        "p(95)<400": false
      }
    },
    "http_req_duration{expected_response:true}": {
      "avg": 4.9827935555555705,
      "min": 0.748,
      "med": 1.917,
      "max": 295.549,
      "p(90)": 4.981400000000001,
      "p(95)": 11.237299999999975
    },
    "iteration_duration": {
      "p(95)": 112.3123167,
      "avg": 105.52861076600007,
      "min": 100.88825,
      "med": 102.31758350000001,
      "max": 396.1165,
      "p(90)": 105.75512049999999
    },
    "vus_max": {
      "value": 125,
      "min": 125,
      "max": 125
    },
    "http_req_receiving": {
      "max": 45.491,
      "p(90)": 0.071,
      "p(95)": 0.096,
      "avg": 0.09225166666666638,
      "min": 0.006,
      "med": 0.04
    },
    "checks": {
      "passes": 18000,
      "fails": 0,
      "value": 1
    },
    "data_received": {
      "count": 1557000,
      "rate": 17281.915243782503
    },
    "http_req_blocked": {
      "avg": 0.012013777777777958,
      "min": 0.001,
      "med": 0.006,
      "max": 2.276,
      "p(90)": 0.012,
      "p(95)": 0.017
    }
  },
  "root_group": {
    "name": "",
    "path": "",
    "id": "d41d8cd98f00b204e9800998ecf8427e",
    "groups": {},
    "checks": {
      "status is 200": {
        "name": "status is 200",
        "path": "::status is 200",
        "id": "6210a8cd14cd70477eba5c5e4cb3fb5f",
        "passes": 9000,
        "fails": 0
      },
      "has token": {
        "passes": 9000,
        "fails": 0,
        "name": "has token",
        "path": "::has token",
        "id": "d9603435b38897bc816d10ece9a00ed4"
      }
    }
  }
}