{
  "metrics": {
    "http_req_blocked": {
      "p(95)": 0.029,
      "avg": 0.029502000000000257,
      "min": 0.001,
      "med": 0.008,
      "max": 8.899,
      "p(90)": 0.015
    },
    "iterations": {
      "count": 1500,
      "rate": 24.97250818195096
    },
    "checks": {
      "passes": 3000,
      "fails": 0,
      "value": 1
    },
    "iteration_duration": {
      "p(95)": 109.15982645,
      "avg": 105.5152815419999,
      "min": 101.448667,
      "med": 103.5775,
      "max": 266.176792,
      "p(90)": 107.09525000000001
    },
    "http_req_duration": {
      "min": 0.898,
      "med": 2.4245,
      "max": 165.448,
      "p(90)": 5.8702000000000005,
      "p(95)": 7.396049999999995,
      "avg": 4.359605999999996,
      "thresholds": {
        "p(95)<400": false,
        "p(99)<800": false
      }
    },
    "http_req_failed": {
      "passes": 0,
      "fails": 1500,
      "thresholds": {
        "rate<0.05": false
      },
      "value": 0
    },
    "http_reqs": {
      "rate": 24.97250818195096,
      "count": 1500
    },
    "http_req_connecting": {
      "avg": 0.006454666666666667,
      "min": 0,
      "med": 0,
      "max": 0.299,
      "p(90)": 0,
      "p(95)": 0
    },
    "data_received": {
      "count": 573000,
      "rate": 9539.498125505268
    },
    "vus": {
      "value": 2,
      "min": 2,
      "max": 3
    },
    "http_req_sending": {
      "max": 0.638,
      "p(90)": 0.052,
      "p(95)": 0.06104999999999993,
      "avg": 0.03687933333333326,
      "min": 0.007,
      "med": 0.031
    },
    "vus_max": {
      "value": 50,
      "min": 50,
      "max": 50
    },
    "data_sent": {
      "count": 306000,
      "rate": 5094.391669117996
    },
    "http_req_tls_handshaking": {
      "max": 0,
      "p(90)": 0,
      "p(95)": 0,
      "avg": 0,
      "min": 0,
      "med": 0
    },
    "http_req_waiting": {
      "p(90)": 5.7214,
      "p(95)": 7.28705,
      "avg": 4.262653333333322,
      "min": 0.835,
      "med": 2.3385,
      "max": 165.267
    },
    "http_req_duration{expected_response:true}": {
      "p(95)": 7.396049999999995,
      "avg": 4.359605999999996,
      "min": 0.898,
      "med": 2.4245,
      "max": 165.448,
      "p(90)": 5.8702000000000005
    },
    "http_req_receiving": {
      "max": 1.256,
      "p(90)": 0.096,
      "p(95)": 0.115,
      "avg": 0.06007333333333338,
      "min": 0.014,
      "med": 0.049
    }
  },
  "root_group": {
    "path": "",
    "id": "d41d8cd98f00b204e9800998ecf8427e",
    "groups": {},
    "checks": {
      "status is 200": {
        "passes": 1500,
        "fails": 0,
        "name": "status is 200",
        "path": "::status is 200",
        "id": "6210a8cd14cd70477eba5c5e4cb3fb5f"
      },
      "has user name": {
        "fails": 0,
        "name": "has user name",
        "path": "::has user name",
        "id": "8d2fc4722f94b0f12137e84abbc453a2",
        "passes": 1500
      }
    },
    "name": ""
  }
}