{
  "root_group": {
    "id": "d41d8cd98f00b204e9800998ecf8427e",
    "groups": {},
    "checks": {
      "status is 200": {
        "id": "6210a8cd14cd70477eba5c5e4cb3fb5f",
        "passes": 6000,
        "fails": 0,
        "name": "status is 200",
        "path": "::status is 200"
      },
      "has user name": {
        "name": "has user name",
        "path": "::has user name",
        "id": "8d2fc4722f94b0f12137e84abbc453a2",
        "passes": 6000,
        "fails": 0
      }
    },
    "name": "",
    "path": ""
  },
  "metrics": {
    "http_req_failed": {
      "passes": 0,
      "fails": 6000,
      "thresholds": {
        "rate<0.05": false
      },
      "value": 0
    },
    "http_reqs": {
      "count": 6000,
      "rate": 99.8416079451023
    },
    "iteration_duration": {
      "min": 100.88825,
      "med": 102.43629200000001,
      "max": 255.318625,
      "p(90)": 105.9430423,
      "p(95)": 110.89750829999997,
      "avg": 104.79969035866677
    },
    "http_req_connecting": {
      "min": 0,
      "med": 0,
      "max": 0.576,
      "p(90)": 0,
      "p(95)": 0,
      "avg": 0.004415500000000001
    },
    "checks": {
      "passes": 12000,
      "fails": 0,
      "value": 1
    },
    "http_req_waiting": {
      "avg": 4.177037166666682,
      "min": 0.579,
      "med": 1.949,
      "max": 151.779,
      "p(90)": 4.786,
      "p(95)": 9.612299999999987
    },
    "vus_max": {
      "value": 125,
      "min": 125,
      "max": 125
    },
    "http_req_duration": {
      "p(90)": 4.9033,
      "p(95)": 9.774349999999993,
      "avg": 4.2736923333333365,
      "min": 0.634,
      "med": 2.028,
      "max": 151.853,
      "thresholds": {
        "p(95)<400": false,
        "p(99)<800": false
      }
    },
    "http_req_receiving": {
      "max": 2.4,
      "p(90)": 0.085,
      "p(95)": 0.105,
      "avg": 0.057961166666666515,
      "min": 0.008,
      "med": 0.051
    },
    "http_req_sending": {
      "avg": 0.0386939999999997,
      "min": 0.005,
      "med": 0.022,
      "max": 12.058,
      "p(90)": 0.046,
      "p(95)": 0.057
    },
    "data_sent": {
      "count": 1224000,
      "rate": 20367.68802080087
    },
    "data_received": {
      "count": 2292000,
      "rate": 38139.49423502907
    },
    "http_req_tls_handshaking": {
      "avg": 0,
      "min": 0,
      "med": 0,
      "max": 0,
      "p(90)": 0,
      "p(95)": 0
    },
    "iterations": {
      "count": 6000,
      "rate": 99.8416079451023
    },
    "vus": {
      "value": 11,
      "min": 10,
      "max": 12
    },
    "http_req_blocked": {
      "max": 3.44,
      "p(90)": 0.013,
      "p(95)": 0.02,
      "avg": 0.014056000000000138,
      "min": 0.001,
      "med": 0.006
    },
    "http_req_duration{expected_response:true}": {
      "avg": 4.2736923333333365,
      "min": 0.634,
      "med": 2.028,
      "max": 151.853,
      "p(90)": 4.9033,
      "p(95)": 9.774349999999993
    }
  }
}