{
  "metrics": {
    "data_received": {
      "count": 639000,
      "rate": 10638.308927744174
    },
    "iteration_duration": {
      "p(90)": 107.2693323,
      "p(95)": 108.14381055,
      "avg": 107.49938196533319,
      "min": 103.100203,
      "med": 105.6165915,
      "max": 301.555087
    },
    "http_req_tls_handshaking": {
      "avg": 0,
      "min": 0,
      "med": 0,
      "max": 0,
      "p(90)": 0,
      "p(95)": 0
    },
    "http_req_blocked": {
      "avg": 0.03933204800000002,
      "min": 0.00476,
      "med": 0.008125,
      "max": 2.468198,
      "p(90)": 0.011613000000000002,
      "p(95)": 0.026739599999999954
    },
    "vus": {
      "value": 3,
      "min": 2,
      "max": 4
    },
    "http_req_duration": {
      "avg": 5.235031439333331,
      "min": 2.734437,
      "med": 4.6224475,
      "max": 100.498956,
      "p(90)": 6.0070014,
      "p(95)": 6.603726749999997,
      "thresholds": {
        "p(95)<400": false,
        "p(99)<800": false
      }
    },
    "http_req_sending": {
      "p(95)": 0.08205395,
      "avg": 0.046688461333333306,
      "min": 0.023754,
      "med": 0.040876499999999996,
      "max": 0.175118,
      "p(90)": 0.06395400000000005
    },
    "http_reqs": {
      "count": 1500,
      "rate": 24.972556168413554
    },
    "checks": {
      "passes": 3000,
      "fails": 0,
      "value": 1
    },
    "data_sent": {
      "count": 351000,
      "rate": 5843.578143408772
    },
    "vus_max": {
      "value": 50,
      "min": 50,
      "max": 50
    },
    "iterations": {
      "count": 1500,
      "rate": 24.972556168413554
    },
    "http_req_duration{expected_response:true}": {
      "max": 100.498956,
      "p(90)": 6.0070014,
      "p(95)": 6.603726749999997,
      "avg": 5.235031439333331,
      "min": 2.734437,
      "med": 4.6224475
    },
    "http_req_receiving": {
      "max": 12.303892,
      "p(90)": 0.132728,
      "p(95)": 0.14726449999999996,
      "avg": 0.10752258333333325,
      "min": 0.035367,
      "med": 0.09601
    },
    "http_req_waiting": {
      "max": 100.300373,
      "p(90)": 5.8717001,
      "p(95)": 6.425517949999998,
      "avg": 5.080820394666668,
      "min": 2.622587,
      "med": 4.4745055
    },
    "http_req_connecting": {
      "p(90)": 0,
      "p(95)": 0,
      "avg": 0.02557308466666667,
      "min": 0,
      "med": 0,
      "max": 1.760701
    },
    "http_req_failed": {
      "passes": 0,
      "fails": 1500,
      "thresholds": {
        "rate<0.05": false
      },
      "value": 0
    }
  },
  "root_group": {
    "groups": {},
    "checks": {
      "status is 200": {
        "name": "status is 200",
        "path": "::status is 200",
        "id": "6210a8cd14cd70477eba5c5e4cb3fb5f",
        "passes": 1500,
        "fails": 0
      },
      "has user name": {
        "name": "has user name",
        "path": "::has user name",
        "id": "8d2fc4722f94b0f12137e84abbc453a2",
        "passes": 1500,
        "fails": 0
      }
    },
    "name": "",
    "path": "",
    "id": "d41d8cd98f00b204e9800998ecf8427e"
  }
}