{
  "metrics": {
    "data_received": {
      "count": 1557173,
      "rate": 17281.861629263658
    },
    "http_req_duration": {
      "p(95)": 19.605,
      "avg": 12.400453838462392,
      "min": 0.709,
      "med": 1.801,
      "max": 966.101,
      "p(90)": 4.89,
      "thresholds": {
        "p(99)<800": false,
        "p(95)<400": false
      }
    },
    "vus": {
      "value": 10,
      "min": 10,
      "max": 103
    },
    "data_sent": {
      "count": 1503167,
      "rate": 16682.49070570538
    },
    "http_req_failed": {
      "passes": 0,
      "fails": 9001,
      "thresholds": {
        "rate<0.05": false
      },
      "value": 0
    },
    "http_req_tls_handshaking": {
      "p(95)": 0,
      "avg": 0,
      "min": 0,
      "med": 0,
      "max": 0,
      "p(90)": 0
    },
    "http_req_connecting": {
      "avg": 0.002842795244972781,
      "min": 0,
      "med": 0,
      "max": 2.804,
      "p(90)": 0,
      "p(95)": 0
    },
    "iterations": {
      "count": 9001,
      "rate": 99.89515392637952
    },
    "http_req_blocked": {
      "avg": 0.014871347628041404,
      "min": 0.001,
      "med": 0.006,
      "max": 21.507,
      "p(90)": 0.011,
      "p(95)": 0.016
    },
    "iteration_duration": {
      "p(90)": 105.830417,
      "p(95)": 120.560458,
      "avg": 112.8764064572825,
      "min": 100.873333,
      "med": 102.18575,
      "max": 1066.78725
    },
    "vus_max": {
      "value": 125,
      "min": 125,
      "max": 125
    },
    "http_req_waiting": {
      "avg": 12.080113098544649,
      "min": 0.687,
      "med": 1.729,
      "max": 966.044,
      "p(90)": 4.817,
      "p(95)": 19.158
    },
    "http_req_sending": {
      "med": 0.025,
      "max": 21.56,
      "p(90)": 0.041,
      "p(95)": 0.051,
      "avg": 0.03583768470169919,
      "min": 0.003
    },
    "http_req_receiving": {
      "min": 0.007,
      "med": 0.04,
      "max": 84.548,
      "p(90)": 0.073,
      "p(95)": 0.112,
      "avg": 0.28450305521608715
    },
    "http_reqs": {
      "count": 9001,
      "rate": 99.89515392637952
    },
    "http_req_duration{expected_response:true}": {
      "p(90)": 4.89,
      "p(95)": 19.605,
      "avg": 12.400453838462392,
      "min": 0.709,
      "med": 1.801,
      "max": 966.101
    },
    "checks": {
      "passes": 18002,
      "fails": 0,
      "value": 1
    }
  },
  "root_group": {
    "name": "",
    "path": "",
    "id": "d41d8cd98f00b204e9800998ecf8427e",
    "groups": {},
    "checks": {
      "status is 200": {
        "name": "status is 200",
        "path": "::status is 200",
        "id": "6210a8cd14cd70477eba5c5e4cb3fb5f",
        "passes": 9001,
        "fails": 0
      },
      "has token": {
        "passes": 9001,
        "fails": 0,
        "name": "has token",
        "path": "::has token",
        "id": "d9603435b38897bc816d10ece9a00ed4"
      }
    }
  }
}