{
  "root_group": {
    "id": "d41d8cd98f00b204e9800998ecf8427e",
    "groups": {},
    "checks": {
      "status is 200": {
        "passes": 4286,
        "fails": 0,
        "name": "status is 200",
        "path": "::status is 200",
        "id": "6210a8cd14cd70477eba5c5e4cb3fb5f"
      },
      "has token": {
        "path": "::has token",
        "id": "d9603435b38897bc816d10ece9a00ed4",
        "passes": 4286,
        "fails": 0,
        "name": "has token"
      }
    },
    "name": "",
    "path": ""
  },
  "metrics": {
    "http_req_connecting": {
      "avg": 0.001723751749883342,
      "min": 0,
      "med": 0,
      "max": 0.606,
      "p(90)": 0,
      "p(95)": 0
    },
    "http_req_waiting": {
      "min": 5.515,
      "med": 194.024,
      "max": 379.66,
      "p(90)": 243.49300000000002,
      "p(95)": 270.3435,
      "avg": 195.79710312645818
    },
    "vus_max": {
      "max": 50,
      "value": 50,
      "min": 50
    },
    "data_received": {
      "count": 741478,
      "rate": 24526.185680278337
    },
    "http_req_blocked": {
      "avg": 0.00629794680354661,
      "min": 0,
      "med": 0.004,
      "max": 0.85,
      "p(90)": 0.006,
      "p(95)": 0.007
    },
    "http_req_tls_handshaking": {
      "avg": 0,
      "min": 0,
      "med": 0,
      "max": 0,
      "p(90)": 0,
      "p(95)": 0
    },
    "http_req_sending": {
      "p(95)": 0.027,
      "avg": 0.01571955202986494,
      "min": 0.002,
      "med": 0.015,
      "max": 0.404,
      "p(90)": 0.023
    },
    "vus": {
      "value": 46,
      "min": 7,
      "max": 50
    },
    "checks": {
      "passes": 8572,
      "fails": 0,
      "value": 1
    },
    "dropped_iterations": {
      "count": 7714,
      "rate": 255.1592850194707
    },
    "http_reqs": {
      "count": 4286,
      "rate": 141.76985942357422
    },
    "data_sent": {
      "count": 715762,
      "rate": 23675.566523736892
    },
    "iterations": {
      "count": 4286,
      "rate": 141.76985942357422
    },
    "http_req_duration": {
      "avg": 196.6308364442371,
      "min": 5.546,
      "med": 194.77749999999997,
      "max": 381.24,
      "p(90)": 245.067,
      "p(95)": 271.43699999999995,
      "thresholds": {
        "p(95)<400": false,
        "p(99)<800": false
      }
    },
    "http_req_receiving": {
      "max": 86.823,
      "p(90)": 1.1885000000000001,
      "p(95)": 1.7809999999999993,
      "avg": 0.8180137657489487,
      "min": 0.004,
      "med": 0.679
    },
    "http_req_duration{expected_response:true}": {
      "med": 194.77749999999997,
      "max": 381.24,
      "p(90)": 245.067,
      "p(95)": 271.43699999999995,
      "avg": 196.6308364442371,
      "min": 5.546
    },
    "http_req_failed": {
      "passes": 0,
      "fails": 4286,
      "thresholds": {
        "rate<0.05": false
      },
      "value": 0
    },
    "iteration_duration": {
      "avg": 296.905948575129,
      "min": 105.689,
      "med": 294.9875415,
      "max": 481.562708,
      "p(90)": 345.522938,
      "p(95)": 371.58930224999995
    }
  }
}