{
  "metrics": {
    "http_req_duration{expected_response:true}": {
      "med": 2.744,
      "max": 8317.663,
      "p(90)": 990.5808000000006,
      "p(95)": 1802.2052499999993,
      "avg": 380.52944864850497,
      "min": 0.603
    },
    "http_req_receiving": {
      "max": 5013.802,
      "p(90)": 49.01010000000001,
      "p(95)": 82.95159999999998,
      "avg": 19.026434203326588,
      "min": 0.004,
      "med": 0.053
    },
    "vus_max": {
      "value": 500,
      "min": 500,
      "max": 500
    },
    "http_req_duration": {
      "p(90)": 990.5808000000006,
      "p(95)": 1802.2052499999993,
      "avg": 380.52944864850497,
      "min": 0.603,
      "med": 2.744,
      "max": 8317.663,
      "thresholds": {
        "p(95)<400": true,
        "p(99)<800": true
      }
    },
    "http_req_waiting": {
      "min": 0.593,
      "med": 2.662,
      "max": 8114.704,
      "p(90)": 940.9770000000002,
      "p(95)": 1739.1889999999971,
      "avg": 361.4462478660531
    },
    "http_req_failed": {
      "passes": 0,
      "fails": 36552,
      "thresholds": {
        "rate<0.05": false
      },
      "value": 0
    },
    "http_req_blocked": {
      "min": 0,
      "med": 0.005,
      "max": 72.581,
      "p(90)": 0.013,
      "p(95)": 0.026,
      "avg": 0.024576466404023948
    },
    "iteration_duration": {
      "avg": 481.18338303816546,
      "min": 100.683541,
      "med": 103.2032705,
      "max": 8418.136375,
      "p(90)": 1091.8488625,
      "p(95)": 1909.0710108999974
    },
    "http_req_connecting": {
      "p(95)": 0,
      "avg": 0.0027929798643029097,
      "min": 0,
      "med": 0,
      "max": 2.876,
      "p(90)": 0
    },
    "dropped_iterations": {
      "rate": 93.76969257879861,
      "count": 8449
    },
    "http_reqs": {
      "count": 36552,
      "rate": 405.6657359616815
    },
    "http_req_tls_handshaking": {
      "med": 0,
      "max": 0,
      "p(90)": 0,
      "p(95)": 0,
      "avg": 0,
      "min": 0
    },
    "iterations": {
      "count": 36552,
      "rate": 405.6657359616815
    },
    "vus": {
      "value": 51,
      "min": 47,
      "max": 500
    },
    "data_received": {
      "count": 6323496,
      "rate": 70180.1723213709
    },
    "http_req_sending": {
      "min": 0.002,
      "med": 0.017,
      "max": 72.465,
      "p(90)": 0.041,
      "p(95)": 0.066,
      "avg": 0.05676657912015703
    },
    "data_sent": {
      "count": 6104184,
      "rate": 67746.17790560081
    },
    "checks": {
      "passes": 73104,
      "fails": 0,
      "value": 1
    }
  },
  "root_group": {
    "name": "",
    "path": "",
    "id": "d41d8cd98f00b204e9800998ecf8427e",
    "groups": {},
    "checks": {
      "status is 200": {
        "id": "6210a8cd14cd70477eba5c5e4cb3fb5f",
        "passes": 36552,
        "fails": 0,
        "name": "status is 200",
        "path": "::status is 200"
      },
      "has token": {
        "name": "has token",
        "path": "::has token",
        "id": "d9603435b38897bc816d10ece9a00ed4",
        "passes": 36552,
        "fails": 0
      }
    }
  }
}