{
  "metrics": {
    "vus_max": {
      "value": 50,
      "min": 50,
      "max": 50
    },
    "iterations": {
      "count": 1500,
      "rate": 24.972057146237372
    },
    "http_req_blocked": {
      "p(90)": 0.011644100000000004,
      "p(95)": 0.028767049999999978,
      "avg": 0.22133939599999974,
      "min": 0.004889,
      "med": 0.0082955,
      "max": 100.150002
    },
    "vus": {
      "value": 2,
      "min": 1,
      "max": 4
    },
    "http_req_connecting": {
      "avg": 0.02325163933333333,
      "min": 0,
      "med": 0,
      "max": 1.365851,
      "p(90)": 0,
      "p(95)": 0
    },
    "data_received": {
      "count": 639000,
      "rate": 10638.09634429712
    },
    "http_req_tls_handshaking": {
      "med": 0,
      "max": 0,
      "p(90)": 0,
      "p(95)": 0,
      "avg": 0,
      "min": 0
    },
    "http_req_duration": {
      "avg": 5.717616432666665,
      "min": 2.58141,
      "med": 4.406893999999999,
      "max": 198.204614,
      "p(90)": 5.8740034,
      "p(95)": 6.405801499999998,
      "thresholds": {
        "p(95)<400": false,
        "p(99)<800": false
      }
    },
    "http_req_duration{expected_response:true}": {
      "med": 4.406893999999999,
      "max": 198.204614,
      "p(90)": 5.8740034,
      "p(95)": 6.405801499999998,
      "avg": 5.717616432666665,
      "min": 2.58141
    },
    "data_sent": {
      "rate": 5843.4613722195445,
      "count": 351000
    },
    "http_req_sending": {
      "p(95)": 0.08179550000000001,
      "avg": 0.04810793933333328,
      "min": 0.017272,
      "med": 0.04245,
      "max": 0.369312,
      "p(90)": 0.06394980000000001
    },
    "iteration_duration": {
      "avg": 108.12305608933312,
      "min": 103.481619,
      "med": 105.405712,
      "max": 304.149071,
      "p(90)": 107.1317312,
      "p(95)": 108.46624405
    },
    "http_req_failed": {
      "passes": 0,
      "fails": 1500,
      "thresholds": {
        "rate<0.05": false
      },
      "value": 0
    },
    "http_req_waiting": {
      "med": 4.2704675000000005,
      "max": 125.930632,
      "p(90)": 5.7295822,
      "p(95)": 6.233489499999998,
      "avg": 5.4735419899999975,
      "min": 2.478578
    },
    "http_reqs": {
      "rate": 24.972057146237372,
      "count": 1500
    },
    "checks": {
      "passes": 3000,
      "fails": 0,
      "value": 1
    },
    "http_req_receiving": {
      "min": 0.038482,
      "med": 0.096941,
      "max": 100.113893,
      "p(90)": 0.134389,
      "p(95)": 0.14932499999999996,
      "avg": 0.19596650333333349
    }
  },
  "root_group": {
    "groups": {},
    "checks": {
      "status is 200": {
        "name": "status is 200",
        "path": "::status is 200",
        "id": "6210a8cd14cd70477eba5c5e4cb3fb5f",
        "passes": 1500,
        "fails": 0
      },
      "has user name": {
        "id": "8d2fc4722f94b0f12137e84abbc453a2",
        "passes": 1500,
        "fails": 0,
        "name": "has user name",
        "path": "::has user name"
      }
    },
    "name": "",
    "path": "",
    "id": "d41d8cd98f00b204e9800998ecf8427e"
  }
}