{
  "root_group": {
    "name": "",
    "path": "",
    "id": "d41d8cd98f00b204e9800998ecf8427e",
    "groups": {},
    "checks": {
      "status is 200": {
        "name": "status is 200",
        "path": "::status is 200",
        "id": "6210a8cd14cd70477eba5c5e4cb3fb5f",
        "passes": 44760,
        "fails": 0
      },
      "has token": {
        "fails": 0,
        "name": "has token",
        "path": "::has token",
        "id": "d9603435b38897bc816d10ece9a00ed4",
        "passes": 44760
      }
    }
  },
  "metrics": {
    "http_req_blocked": {
      "p(95)": 0.011,
      "avg": 0.009999798927612354,
      "min": 0,
      "med": 0.004,
      "max": 19.448,
      "p(90)": 0.008
    },
    "http_req_tls_handshaking": {
      "avg": 0,
      "min": 0,
      "med": 0,
      "max": 0,
      "p(90)": 0,
      "p(95)": 0
    },
    "http_req_failed": {
      "passes": 0,
      "fails": 44760,
      "thresholds": {
        "rate<0.05": false
      },
      "value": 0
    },
    "http_req_duration{expected_response:true}": {
      "p(95)": 195.47749999999985,
      "avg": 34.18326213136739,
      "min": 0.536,
      "med": 1.06,
      "max": 1100.165,
      "p(90)": 18.264400000000002
    },
    "iterations": {
      "count": 44760,
      "rate": 496.74505472319316
    },
    "dropped_iterations": {
      "count": 241,
      "rate": 2.6746103259224654
    },
    "http_req_connecting": {
      "avg": 0.0015054066130473632,
      "min": 0,
      "med": 0,
      "max": 0.851,
      "p(90)": 0,
      "p(95)": 0
    },
    "vus_max": {
      "value": 500,
      "min": 500,
      "max": 500
    },
    "http_req_duration": {
      "avg": 34.18326213136739,
      "min": 0.536,
      "med": 1.06,
      "max": 1100.165,
      "p(90)": 18.264400000000002,
      "p(95)": 195.47749999999985,
      "thresholds": {
        "p(99)<800": true,
        "p(95)<400": false
      }
    },
    "http_reqs": {
      "count": 44760,
      "rate": 496.74505472319316
    },
    "iteration_duration": {
      "avg": 134.4387313391645,
      "min": 100.607458,
      "med": 101.27725000000001,
      "max": 1200.468916,
      "p(90)": 118.59517090000001,
      "p(95)": 295.70197919999987
    },
    "data_received": {
      "count": 7743480,
      "rate": 85936.89446711242
    },
    "vus": {
      "value": 50,
      "min": 50,
      "max": 500
    },
    "http_req_sending": {
      "p(90)": 0.024,
      "p(95)": 0.031,
      "avg": 0.024346224307416956,
      "min": 0.002,
      "med": 0.014,
      "max": 32.557
    },
    "checks": {
      "passes": 89520,
      "fails": 0,
      "value": 1
    },
    "data_sent": {
      "count": 7474920,
      "rate": 82956.42413877326
    },
    "http_req_waiting": {
      "avg": 32.74606541554976,
      "min": 0.525,
      "med": 1.022,
      "max": 1098.614,
      "p(90)": 17.20940000000004,
      "p(95)": 179.35135
    },
    "http_req_receiving": {
      "p(95)": 4.288,
      "avg": 1.4128504915102926,
      "min": 0.004,
      "med": 0.019,
      "max": 458.394,
      "p(90)": 0.343100000000001
    }
  }
}