{
  "metrics": {
    "http_req_blocked": {
      "avg": 0.08863329600000004,
      "min": 0.003977,
      "med": 0.0080555,
      "max": 96.688852,
      "p(90)": 0.012819900000000007,
      "p(95)": 0.03207754999999998
    },
    "http_req_duration": {
      "max": 300.105338,
      "p(90)": 4.264460000000001,
      "p(95)": 4.723090599999999,
      "avg": 5.816032282000004,
      "min": 2.124002,
      "med": 3.4170220000000002,
      "thresholds": {
        "p(95)<400": false,
        "p(99)<800": false
      }
    },
    "checks": {
      "fails": 0,
      "passes": 3000,
      "value": 1
    },
    "http_req_receiving": {
      "med": 0.0963455,
      "max": 133.548748,
      "p(90)": 0.13750500000000002,
      "p(95)": 0.16078409999999999,
      "avg": 0.36279134400000007,
      "min": 0.029837
    },
    "http_req_failed": {
      "passes": 0,
      "fails": 1500,
      "thresholds": {
        "rate<0.05": false
      },
      "value": 0
    },
    "vus_max": {
      "max": 50,
      "value": 50,
      "min": 45
    },
    "http_req_duration{expected_response:true}": {
      "max": 300.105338,
      "p(90)": 4.264460000000001,
      "p(95)": 4.723090599999999,
      "avg": 5.816032282000004,
      "min": 2.124002,
      "med": 3.4170220000000002
    },
    "http_req_connecting": {
      "min": 0,
      "med": 0,
      "max": 0.627416,
      "p(90)": 0,
      "p(95)": 0,
      "avg": 0.011189356666666666
    },
    "iterations": {
      "count": 1500,
      "rate": 24.972751494980084
    },
    "vus": {
      "value": 3,
      "min": 0,
      "max": 6
    },
    "data_received": {
      "rate": 10638.392136861516,
      "count": 639000
    },
    "data_sent": {
      "count": 351000,
      "rate": 5843.62384982534
    },
    "iteration_duration": {
      "med": 104.463074,
      "max": 400.667412,
      "p(90)": 105.4920808,
      "p(95)": 106.43503179999999,
      "avg": 107.84998213533349,
      "min": 102.979567
    },
    "http_reqs": {
      "count": 1500,
      "rate": 24.972751494980084
    },
    "http_req_tls_handshaking": {
      "min": 0,
      "med": 0,
      "max": 0,
      "p(90)": 0,
      "p(95)": 0,
      "avg": 0
    },
    "http_req_waiting": {
      "avg": 5.341364639333331,
      "min": 2.008366,
      "med": 3.2701065,
      "max": 199.490996,
      "p(90)": 4.0908074,
      "p(95)": 4.5357543
    },
    "http_req_sending": {
      "p(90)": 0.07180990000000004,
      "p(95)": 0.0865695,
      "avg": 0.11187629866666661,
      "min": 0.018686,
      "med": 0.0422285,
      "max": 94.503664
    }
  },
  "root_group": {
    "name": "",
    "path": "",
    "id": "d41d8cd98f00b204e9800998ecf8427e",
    "groups": {},
    "checks": {
      "status is 200": {
        "path": "::status is 200",
        "id": "6210a8cd14cd70477eba5c5e4cb3fb5f",
        "passes": 1500,
        "fails": 0,
        "name": "status is 200"
      },
      "has user name": {
        "fails": 0,
        "name": "has user name",
        "path": "::has user name",
        "id": "8d2fc4722f94b0f12137e84abbc453a2",
        "passes": 1500
      }
    }
  }
}