{
  "root_group": {
    "checks": {
      "status is 200": {
        "name": "status is 200",
        "path": "::status is 200",
        "id": "6210a8cd14cd70477eba5c5e4cb3fb5f",
        "passes": 1500,
        "fails": 0
      },
      "has user name": {
        "passes": 1500,
        "fails": 0,
        "name": "has user name",
        "path": "::has user name",
        "id": "8d2fc4722f94b0f12137e84abbc453a2"
      }
    },
    "name": "",
    "path": "",
    "id": "d41d8cd98f00b204e9800998ecf8427e",
    "groups": {}
  },
  "metrics": {
    "data_received": {
      "count": 639000,
      "rate": 10638.153028323992
    },
    "http_req_receiving": {
      "avg": 0.10494044800000005,
      "min": 0.041799,
      "med": 0.090304,
      "max": 16.139973,
      "p(90)": 0.12541210000000003,
      "p(95)": 0.14099309999999995
    },
    "vus": {
      "max": 5,
      "value": 2,
      "min": 2
    },
    "http_req_tls_handshaking": {
      "avg": 0,
      "min": 0,
      "med": 0,
      "max": 0,
      "p(90)": 0,
      "p(95)": 0
    },
    "http_req_failed": {
      "passes": 0,
      "fails": 1500,
      "thresholds": {
        "rate<0.05": false
      },
      "value": 0
    },
    "iteration_duration": {
      "avg": 107.37600656799994,
      "min": 103.959635,
      "med": 105.64080200000001,
      "max": 299.400256,
      "p(90)": 106.5243982,
      "p(95)": 107.38793435
    },
    "http_req_duration": {
      "p(90)": 5.248272900000001,
      "p(95)": 5.7209595,
      "avg": 5.725593799333331,
      "min": 3.429772,
      "med": 4.6117775000000005,
      "max": 198.599173,
      "thresholds": {
        "p(95)<400": false,
        "p(99)<800": false
      }
    },
    "vus_max": {
      "max": 50,
      "value": 50,
      "min": 50
    },
    "http_req_connecting": {
      "avg": 0.028476469333333337,
      "min": 0,
      "med": 0,
      "max": 1.132003,
      "p(90)": 0,
      "p(95)": 0
    },
    "http_req_duration{expected_response:true}": {
      "avg": 5.725593799333331,
      "min": 3.429772,
      "med": 4.6117775000000005,
      "max": 198.599173,
      "p(90)": 5.248272900000001,
      "p(95)": 5.7209595
    },
    "http_req_waiting": {
      "min": 3.316609,
      "med": 4.46913,
      "max": 198.285906,
      "p(90)": 5.1049521,
      "p(95)": 5.5761477,
      "avg": 5.504511432000002
    },
    "http_req_blocked": {
      "avg": 0.1126119199999998,
      "min": 0.00521,
      "med": 0.0079045,
      "max": 99.513728,
      "p(90)": 0.011386000000000007,
      "p(95)": 0.02564899999999999
    },
    "checks": {
      "passes": 3000,
      "fails": 0,
      "value": 1
    },
    "data_sent": {
      "rate": 5843.492508515996,
      "count": 351000
    },
    "http_reqs": {
      "count": 1500,
      "rate": 24.972190207333313
    },
    "http_req_sending": {
      "p(95)": 0.0820245,
      "avg": 0.11614191933333323,
      "min": 0.018045,
      "med": 0.0431565,
      "max": 99.629044,
      "p(90)": 0.06840790000000001
    },
    "iterations": {
      "count": 1500,
      "rate": 24.972190207333313
    }
  }
}