{
    "metrics": {
        "data_received": {
            "count": 9125278,
            "rate": 30408.580027489315
        },
        "vus": {
            "value": 5,
            "min": 5,
            "max": 12
        },
        "http_req_tls_handshaking": {
            "p(95)": 0,
            "avg": 0,
            "min": 0,
            "med": 0,
            "max": 0,
            "p(90)": 0
        },
        "checks": {
            "passes": 14981,
            "fails": 2,
            "value": 0.999866515384102
        },
        "data_sent": {
            "count": 4015112,
            "rate": 13379.740822288668
        },
        "http_req_sending": {
            "p(95)": 0.05,
            "avg": 0.026103691095980368,
            "min": 0.002,
            "med": 0.017,
            "max": 7.202,
            "p(90)": 0.035
        },
        "http_req_waiting": {
            "med": 2.233,
            "max": 483.874,
            "p(90)": 6.083800000000003,
            "p(95)": 12.257549999999995,
            "avg": 4.77447697236685,
            "min": 0.529
        },
        "http_req_connecting": {
            "avg": 0.0002954545454545455,
            "min": 0,
            "med": 0,
            "max": 2.06,
            "p(90)": 0,
            "p(95)": 0
        },
        "http_req_receiving": {
            "p(90)": 0.118,
            "p(95)": 0.156,
            "avg": 0.08274175677479574,
            "min": 0.009,
            "med": 0.062,
            "max": 16.469
        },
        "http_req_duration": {
            "avg": 4.883322420237617,
            "min": 0.605,
            "med": 2.333,
            "max": 484.045,
            "p(90)": 6.215700000000001,
            "p(95)": 12.453399999999995,
            "thresholds": {
                "p(95)<2000": false,
                "p(99)<5000": false
            }
        },
        "vus_max": {
            "value": 26,
            "min": 18,
            "max": 26
        },
        "http_req_failed": {
            "passes": 2,
            "fails": 29962,
            "thresholds": {
                "rate<0.05": false
            },
            "value": 0.00006674676278200507
        },
        "http_req_duration{expected_response:true}": {
            "p(90)": 6.213300000000005,
            "p(95)": 12.447,
            "avg": 4.880809625525663,
            "min": 0.605,
            "med": 2.333,
            "max": 484.045
        },
        "iterations": {
            "count": 14983,
            "rate": 49.92853418294461
        },
        "dropped_iterations": {
            "count": 17,
            "rate": 0.05664987526597199
        },
        "iteration_duration": {
            "avg": 110.44347770232918,
            "min": 102.00775,
            "med": 105.245583,
            "max": 735.8935,
            "p(90)": 113.7489418,
            "p(95)": 125.8843128
        },
        "http_reqs": {
            "count": 29964,
            "rate": 99.85040367468146
        },
        "http_req_blocked": {
            "med": 0.005,
            "max": 12.295,
            "p(90)": 0.011,
            "p(95)": 0.015,
            "avg": 0.009362735282337449,
            "min": 0
        }
    },
    "root_group": {
        "checks": {
            "status is 200": {
                "name": "status is 200",
                "path": "::status is 200",
                "id": "6210a8cd14cd70477eba5c5e4cb3fb5f",
                "passes": 14981,
                "fails": 2
            }
        },
        "name": "",
        "path": "",
        "id": "d41d8cd98f00b204e9800998ecf8427e",
        "groups": {}
    }
}