{
    "root_group": {
        "path": "",
        "id": "d41d8cd98f00b204e9800998ecf8427e",
        "groups": {},
        "checks": {
                "status is 200": {
                    "name": "status is 200",
                    "path": "::status is 200",
                    "id": "6210a8cd14cd70477eba5c5e4cb3fb5f",
                    "passes": 27,
                    "fails": 1542
                },
                "has hash": {
                    "name": "has hash",
                    "path": "::has hash",
                    "id": "4fad9de81b8c318fd2fdd5e4304fb822",
                    "passes": 27,
                    "fails": 1542
                }
            },
        "name": ""
    },
    "metrics": {
        "http_req_connecting": {
            "avg": 0.10044805608667948,
            "min": 0,
            "med": 0,
            "max": 11.059,
            "p(90)": 0.209,
            "p(95)": 0.2905999999999999
        },
        "http_req_sending": {
            "max": 31.704,
            "p(90)": 0.101,
            "p(95)": 0.25559999999999994,
            "avg": 0.1511950286806887,
            "min": 0.007,
            "med": 0.031
        },
        "http_reqs": {
            "count": 1569,
            "rate": 38.17293297217376
        },
        "http_req_blocked": {
            "max": 11.159,
            "p(90)": 0.2982,
            "p(95)": 0.44099999999999967,
            "avg": 0.16320522625876185,
            "min": 0.001,
            "med": 0.008
        },
        "checks": {
            "passes": 54,
            "fails": 3084,
            "value": 0.017208413001912046
        },
        "http_req_failed": {
            "passes": 1542,
            "fails": 27,
            "thresholds": {
                "rate<0.05": true
            },
            "value": 0.982791586998088
        },
        "data_sent": {
            "count": 299208,
            "rate": 7279.571018953579
        },
        "data_received": {
            "count": 220229,
            "rate": 5358.054082555038
        },
        "http_req_tls_handshaking": {
            "p(95)": 0,
            "avg": 0,
            "min": 0,
            "med": 0,
            "max": 0,
            "p(90)": 0
        },
        "http_req_waiting": {
            "avg": 2441.9368559592185,
            "min": 0.335,
            "med": 1.542,
            "max": 26271.783,
            "p(90)": 8022.509000000014,
            "p(95)": 25357.2536
        },
        "http_req_duration": {
            "avg": 2465.5211644359533,
            "min": 0.395,
            "med": 1.677,
            "max": 26271.801,
            "p(90)": 8344.0304,
            "p(95)": 25366.872799999997,
            "thresholds": {
                "p(95)<2000": true,
                "p(99)<5000": true
            }
        },
        "vus": {
            "value": 66,
            "min": 10,
            "max": 150
        },
        "http_req_duration{expected_response:true}": {
            "avg": 12963.098629629632,
            "min": 2403.973,
            "med": 12826.123,
            "max": 25473.167,
            "p(90)": 22632.9934,
            "p(95)": 23933.1792
        },
        "dropped_iterations": {
            "count": 2465,
            "rate": 59.97213497540364
        },
        "iteration_duration": {
            "max": 26372.56325,
            "p(90)": 8445.999600000001,
            "p(95)": 25469.6273672,
            "avg": 2567.3718919713165,
            "min": 100.615417,
            "med": 102.342792
        },
        "http_req_receiving": {
            "med": 0.051,
            "max": 3706.213,
            "p(90)": 2.425800000000003,
            "p(95)": 12.066599999999998,
            "avg": 23.433113448056105,
            "min": 0
        },
        "iterations": {
            "count": 1569,
            "rate": 38.17293297217376
        },
        "vus_max": {
            "min": 150,
            "max": 150,
            "value": 150
        }
    }
}