{
  "metrics": {
    "http_req_sending": {
      "min": 0.016511,
      "med": 0.039669499999999996,
      "max": 0.404559,
      "p(90)": 0.06456210000000003,
      "p(95)": 0.08413349999999999,
      "avg": 0.046638046666666676
    },
    "http_req_duration{expected_response:true}": {
      "p(90)": 5.8595415,
      "p(95)": 6.523000799999999,
      "avg": 5.887679231333338,
      "min": 2.267001,
      "med": 4.4034125,
      "max": 236.87273
    },
    "data_sent": {
      "count": 351000,
      "rate": 5843.7242303426
    },
    "iterations": {
      "rate": 24.973180471549572,
      "count": 1500
    },
    "http_req_blocked": {
      "med": 0.0076995,
      "max": 144.249242,
      "p(90)": 0.011363900000000003,
      "p(95)": 0.02546749999999998,
      "avg": 0.22403741133333213,
      "min": 0.00551
    },
    "http_req_failed": {
      "passes": 0,
      "fails": 1500,
      "thresholds": {
        "rate<0.05": false
      },
      "value": 0
    },
    "http_reqs": {
      "count": 1500,
      "rate": 24.973180471549572
    },
    "iteration_duration": {
      "max": 337.543809,
      "p(90)": 107.1528825,
      "p(95)": 108.91784344999999,
      "avg": 108.15623432599986,
      "min": 102.983325,
      "med": 105.44322199999999
    },
    "http_req_waiting": {
      "p(95)": 6.359323499999999,
      "avg": 5.70983982666667,
      "min": 2.132349,
      "med": 4.260097999999999,
      "max": 236.5154,
      "p(90)": 5.718031900000001
    },
    "vus_max": {
      "value": 50,
      "min": 50,
      "max": 50
    },
    "data_received": {
      "count": 639000,
      "rate": 10638.574880880118
    },
    "http_req_tls_handshaking": {
      "min": 0,
      "med": 0,
      "max": 0,
      "p(90)": 0,
      "p(95)": 0,
      "avg": 0
    },
    "checks": {
      "passes": 3000,
      "fails": 0,
      "value": 1
    },
    "http_req_duration": {
      "min": 2.267001,
      "med": 4.4034125,
      "max": 236.87273,
      "p(90)": 5.8595415,
      "p(95)": 6.523000799999999,
      "avg": 5.887679231333338,
      "thresholds": {
        "p(95)<400": false,
        "p(99)<800": false
      }
    },
    "http_req_connecting": {
      "avg": 0.21009559399999997,
      "min": 0,
      "med": 0,
      "max": 144.132834,
      "p(90)": 0,
      "p(95)": 0
    },
    "vus": {
      "min": 1,
      "max": 7,
      "value": 2
    },
    "http_req_receiving": {
      "p(90)": 0.134495,
      "p(95)": 0.15827109999999994,
      "avg": 0.1312013580000001,
      "min": 0.035237,
      "med": 0.09171699999999999,
      "max": 50.751695
    }
  },
  "root_group": {
    "groups": {},
    "checks": {
      "status is 200": {
        "path": "::status is 200",
        "id": "6210a8cd14cd70477eba5c5e4cb3fb5f",
        "passes": 1500,
        "fails": 0,
        "name": "status is 200"
      },
      "has user name": {
        "name": "has user name",
        "path": "::has user name",
        "id": "8d2fc4722f94b0f12137e84abbc453a2",
        "passes": 1500,
        "fails": 0
      }
    },
    "name": "",
    "path": "",
    "id": "d41d8cd98f00b204e9800998ecf8427e"
  }
}