{
  "metrics": {
    "http_req_failed": {
      "passes": 0,
      "fails": 1501,
      "thresholds": {
        "rate<0.05": false
      },
      "value": 0
    },
    "vus_max": {
      "value": 50,
      "min": 50,
      "max": 50
    },
    "data_sent": {
      "count": 351234,
      "rate": 5834.430576928286
    },
    "http_req_blocked": {
      "med": 0.008215,
      "max": 98.598002,
      "p(90)": 0.011842,
      "p(95)": 0.024125,
      "avg": 0.16028183677548302,
      "min": 0.004689
    },
    "http_req_connecting": {
      "med": 0,
      "max": 1.470048,
      "p(90)": 0,
      "p(95)": 0,
      "avg": 0.028930057295136567,
      "min": 0
    },
    "vus": {
      "value": 3,
      "min": 2,
      "max": 10
    },
    "data_received": {
      "count": 639426,
      "rate": 10621.655665689957
    },
    "iteration_duration": {
      "avg": 110.47240887741518,
      "min": 103.421065,
      "med": 106.198633,
      "max": 410.720562,
      "p(90)": 107.833659,
      "p(95)": 118.817364
    },
    "http_req_duration": {
      "p(95)": 7.763297,
      "avg": 7.181118331112608,
      "min": 3.019091,
      "med": 5.182938,
      "max": 215.42245,
      "p(90)": 6.52203,
      "thresholds": {
        "p(95)<400": false,
        "p(99)<800": false
      }
    },
    "http_req_duration{expected_response:true}": {
      "avg": 7.181118331112608,
      "min": 3.019091,
      "med": 5.182938,
      "max": 215.42245,
      "p(90)": 6.52203,
      "p(95)": 7.763297
    },
    "http_req_waiting": {
      "min": 2.892313,
      "med": 5.022878,
      "max": 215.281495,
      "p(90)": 6.344206,
      "p(95)": 7.497278,
      "avg": 6.79327327248501
    },
    "checks": {
      "passes": 3002,
      "fails": 0,
      "value": 1
    },
    "http_req_tls_handshaking": {
      "avg": 0,
      "min": 0,
      "med": 0,
      "max": 0,
      "p(90)": 0,
      "p(95)": 0
    },
    "http_req_sending": {
      "max": 100.50626,
      "p(90)": 0.061826,
      "p(95)": 0.078828,
      "avg": 0.11398357694870094,
      "min": 0.015599,
      "med": 0.041327
    },
    "http_reqs": {
      "count": 1501,
      "rate": 24.933464003967035
    },
    "http_req_receiving": {
      "avg": 0.27386148167888075,
      "min": 0.033533,
      "med": 0.096079,
      "max": 100.330611,
      "p(90)": 0.133831,
      "p(95)": 0.146093
    },
    "iterations": {
      "count": 1501,
      "rate": 24.933464003967035
    }
  },
  "root_group": {
    "name": "",
    "path": "",
    "id": "d41d8cd98f00b204e9800998ecf8427e",
    "groups": {},
    "checks": {
      "status is 200": {
        "name": "status is 200",
        "path": "::status is 200",
        "id": "6210a8cd14cd70477eba5c5e4cb3fb5f",
        "passes": 1501,
        "fails": 0
      },
      "has user name": {
        "fails": 0,
        "name": "has user name",
        "path": "::has user name",
        "id": "8d2fc4722f94b0f12137e84abbc453a2",
        "passes": 1501
      }
    }
  }
}