{
  "metrics": {
    "http_reqs": {
      "rate": 24.972865267809613,
      "count": 1501
    },
    "http_req_connecting": {
      "avg": 0.07354644237175219,
      "min": 0,
      "med": 0,
      "max": 59.296197,
      "p(90)": 0,
      "p(95)": 0
    },
    "http_req_receiving": {
      "avg": 0.6138213664223843,
      "min": 0.031648,
      "med": 0.097934,
      "max": 199.945809,
      "p(90)": 0.134693,
      "p(95)": 0.151083
    },
    "http_req_duration": {
      "med": 5.544265,
      "max": 298.953659,
      "p(90)": 50.326547,
      "p(95)": 62.644214,
      "avg": 18.800979113924015,
      "min": 2.247243,
      "thresholds": {
        "p(95)<400": false,
        "p(99)<800": false
      }
    },
    "http_req_sending": {
      "med": 0.041979,
      "max": 0.707005,
      "p(90)": 0.066524,
      "p(95)": 0.083626,
      "avg": 0.04820964290473016,
      "min": 0.019156
    },
    "http_req_waiting": {
      "avg": 18.138948104596924,
      "min": 2.100729,
      "med": 5.365461,
      "max": 170.55607,
      "p(90)": 50.127985,
      "p(95)": 62.326319
    },
    "iterations": {
      "count": 1501,
      "rate": 24.972865267809613
    },
    "checks": {
      "fails": 0,
      "passes": 3002,
      "value": 1
    },
    "http_req_failed": {
      "passes": 0,
      "fails": 1501,
      "thresholds": {
        "rate<0.05": false
      },
      "value": 0
    },
    "http_req_duration{expected_response:true}": {
      "avg": 18.800979113924015,
      "min": 2.247243,
      "med": 5.544265,
      "max": 298.953659,
      "p(90)": 50.326547,
      "p(95)": 62.644214
    },
    "data_sent": {
      "rate": 5843.65047266745,
      "count": 351234
    },
    "http_req_blocked": {
      "avg": 0.15399264290473072,
      "min": 0.005029,
      "med": 0.008026,
      "max": 99.550007,
      "p(90)": 0.011572,
      "p(95)": 0.025248
    },
    "vus": {
      "value": 2,
      "min": 0,
      "max": 5
    },
    "vus_max": {
      "value": 50,
      "min": 49,
      "max": 50
    },
    "http_req_tls_handshaking": {
      "p(90)": 0,
      "p(95)": 0,
      "avg": 0,
      "min": 0,
      "med": 0,
      "max": 0
    },
    "iteration_duration": {
      "avg": 120.96111851299139,
      "min": 102.696316,
      "med": 107.059637,
      "max": 401.020354,
      "p(90)": 151.363102,
      "p(95)": 171.819238
    },
    "data_received": {
      "count": 639426,
      "rate": 10638.440604086896
    }
  },
  "root_group": {
    "name": "",
    "path": "",
    "id": "d41d8cd98f00b204e9800998ecf8427e",
    "groups": {},
    "checks": {
      "status is 200": {
        "name": "status is 200",
        "path": "::status is 200",
        "id": "6210a8cd14cd70477eba5c5e4cb3fb5f",
        "passes": 1501,
        "fails": 0
      },
      "has user name": {
        "name": "has user name",
        "path": "::has user name",
        "id": "8d2fc4722f94b0f12137e84abbc453a2",
        "passes": 1501,
        "fails": 0
      }
    }
  }
}