{
  "root_group": {
    "name": "",
    "path": "",
    "id": "d41d8cd98f00b204e9800998ecf8427e",
    "groups": {},
    "checks": {
      "status is 200": {
        "name": "status is 200",
        "path": "::status is 200",
        "id": "6210a8cd14cd70477eba5c5e4cb3fb5f",
        "passes": 2200,
        "fails": 0
      },
      "has token": {
        "path": "::has token",
        "id": "d9603435b38897bc816d10ece9a00ed4",
        "passes": 2200,
        "fails": 0,
        "name": "has token"
      }
    }
  },
  "metrics": {
    "http_req_connecting": {
      "p(95)": 0,
      "avg": 0.017626818181818184,
      "min": 0,
      "med": 0,
      "max": 15.864,
      "p(90)": 0
    },
    "data_received": {
      "count": 380600,
      "rate": 12638.799320706046
    },
    "http_req_tls_handshaking": {
      "med": 0,
      "max": 0,
      "p(90)": 0,
      "p(95)": 0,
      "avg": 0,
      "min": 0
    },
    "dropped_iterations": {
      "count": 800,
      "rate": 26.566052171741557
    },
    "checks": {
      "passes": 4400,
      "fails": 0,
      "value": 1
    },
    "data_sent": {
      "count": 367400,
      "rate": 12200.45945987231
    },
    "iterations": {
      "count": 2200,
      "rate": 73.05664347228928
    },
    "vus_max": {
      "min": 28,
      "max": 50,
      "value": 50
    },
    "vus": {
      "max": 50,
      "value": 11,
      "min": 4
    },
    "http_req_duration{expected_response:true}": {
      "avg": 302.9415154545449,
      "min": 5.967,
      "med": 146.314,
      "max": 2588.657,
      "p(90)": 861.8599,
      "p(95)": 1138.05605
    },
    "http_req_failed": {
      "passes": 0,
      "fails": 2200,
      "thresholds": {
        "rate<0.05": false
      },
      "value": 0
    },
    "http_reqs": {
      "rate": 73.05664347228928,
      "count": 2200
    },
    "http_req_waiting": {
      "avg": 298.37457227272665,
      "min": 5.886,
      "med": 141.848,
      "max": 2578.082,
      "p(90)": 853.7737000000003,
      "p(95)": 1130.01805
    },
    "iteration_duration": {
      "avg": 403.96791264454595,
      "min": 106.30425,
      "med": 247.0870625,
      "max": 2690.159291,
      "p(90)": 962.3606125000001,
      "p(95)": 1238.3104649
    },
    "http_req_sending": {
      "med": 0.028,
      "max": 9.062,
      "p(90)": 0.073,
      "p(95)": 0.1260499999999999,
      "avg": 0.058571363636364206,
      "min": 0.004
    },
    "http_req_duration": {
      "avg": 302.9415154545449,
      "min": 5.967,
      "med": 146.314,
      "max": 2588.657,
      "p(90)": 861.8599,
      "p(95)": 1138.05605,
      "thresholds": {
        "p(99)<5000": false,
        "p(95)<2000": false
      }
    },
    "http_req_blocked": {
      "p(90)": 0.018,
      "p(95)": 0.039049999999999904,
      "avg": 0.03213045454545483,
      "min": 0.001,
      "med": 0.007,
      "max": 16.203
    },
    "http_req_receiving": {
      "p(95)": 13.320649999999986,
      "avg": 4.508371818181814,
      "min": 0.013,
      "med": 1.287,
      "max": 422.609,
      "p(90)": 9.4755
    }
  }
}