{
  "root_group": {
    "name": "",
    "path": "",
    "id": "d41d8cd98f00b204e9800998ecf8427e",
    "groups": {},
    "checks": {
      "status is 200": {
        "passes": 577,
        "fails": 0,
        "name": "status is 200",
        "path": "::status is 200",
        "id": "6210a8cd14cd70477eba5c5e4cb3fb5f"
      }
    }
  },
  "metrics": {
    "http_req_duration": {
      "med": 774.0755,
      "max": 1580.649,
      "p(90)": 1510.3614,
      "p(95)": 1512.5375000000001,
      "avg": 756.0010303292895,
      "min": 0.816,
      "thresholds": {
        "p(95)<2000": false,
        "p(99)<5000": false
      }
    },
    "http_req_waiting": {
      "avg": 755.9009783362228,
      "min": 0.737,
      "med": 773.9860000000001,
      "max": 1580.569,
      "p(90)": 1510.2479999999998,
      "p(95)": 1512.4506999999999
    },
    "data_sent": {
      "count": 211182,
      "rate": 6680.221206290761
    },
    "checks": {
      "passes": 577,
      "fails": 0,
      "value": 1
    },
    "http_req_sending": {
      "med": 0.0185,
      "max": 0.98,
      "p(90)": 0.036,
      "p(95)": 0.045,
      "avg": 0.023602253032928882,
      "min": 0.003
    },
    "http_req_receiving": {
      "p(90)": 0.117,
      "p(95)": 0.131,
      "avg": 0.07644974003466197,
      "min": 0.018,
      "med": 0.07,
      "max": 0.914
    },
    "dropped_iterations": {
      "count": 24,
      "rate": 0.7591807490741553
    },
    "http_req_duration{expected_response:true}": {
      "min": 0.816,
      "med": 774.0755,
      "max": 1580.649,
      "p(90)": 1510.3614,
      "p(95)": 1512.5375000000001,
      "avg": 756.0010303292895
    },
    "http_req_tls_handshaking": {
      "avg": 0,
      "min": 0,
      "med": 0,
      "max": 0,
      "p(90)": 0,
      "p(95)": 0
    },
    "vus_max": {
      "value": 34,
      "min": 15,
      "max": 34
    },
    "http_req_failed": {
      "passes": 0,
      "fails": 1154,
      "thresholds": {
        "rate<0.05": false
      },
      "value": 0
    },
    "iteration_duration": {
      "min": 1604.806167,
      "med": 1611.444834,
      "max": 1700.390125,
      "p(90)": 1618.0929166,
      "p(95)": 1622.0467418,
      "avg": 1612.8563092772954
    },
    "iterations": {
      "count": 577,
      "rate": 18.25197050899115
    },
    "http_reqs": {
      "rate": 36.5039410179823,
      "count": 1154
    },
    "http_req_connecting": {
      "max": 0.455,
      "p(90)": 0,
      "p(95)": 0,
      "avg": 0.007000866551126517,
      "min": 0,
      "med": 0
    },
    "vus": {
      "value": 13,
      "min": 13,
      "max": 32
    },
    "data_received": {
      "count": 353127,
      "rate": 11170.300849096218
    },
    "http_req_blocked": {
      "p(90)": 0.012,
      "p(95)": 0.016,
      "avg": 0.016340554592721036,
      "min": 0.001,
      "med": 0.006,
      "max": 0.839
    }
  }
}