{
  "metrics": {
    "http_req_tls_handshaking": {
      "avg": 0,
      "min": 0,
      "med": 0,
      "max": 0,
      "p(90)": 0,
      "p(95)": 0
    },
    "data_sent": {
      "count": 498996,
      "rate": 16578.229905280074
    },
    "http_req_receiving": {
      "avg": 0.04738319946452518,
      "min": 0.01,
      "med": 0.034,
      "max": 4.764,
      "p(90)": 0.05,
      "p(95)": 0.061649999999999865
    },
    "checks": {
      "passes": 5976,
      "fails": 0,
      "value": 1
    },
    "dropped_iterations": {
      "count": 12,
      "rate": 0.3986780632777835
    },
    "vus": {
      "value": 10,
      "min": 10,
      "max": 11
    },
    "iteration_duration": {
      "avg": 107.21872136680027,
      "min": 104.492958,
      "med": 105.717083,
      "max": 260.838125,
      "p(90)": 108.2421712,
      "p(95)": 108.94085625
    },
    "http_reqs": {
      "count": 2988,
      "rate": 99.27083775616809
    },
    "http_req_waiting": {
      "avg": 6.714760709504686,
      "min": 4.15,
      "med": 5.224,
      "max": 160.169,
      "p(90)": 7.5762,
      "p(95)": 8.2203
    },
    "http_req_duration": {
      "p(90)": 7.644900000000001,
      "p(95)": 8.273249999999999,
      "avg": 6.787968540829998,
      "min": 4.203,
      "med": 5.281,
      "max": 160.221,
      "thresholds": {
        "p(95)<2000": false,
        "p(99)<5000": false
      }
    },
    "http_req_connecting": {
      "p(95)": 0,
      "avg": 0.0010993975903614457,
      "min": 0,
      "med": 0,
      "max": 0.202,
      "p(90)": 0
    },
    "data_received": {
      "count": 516924,
      "rate": 17173.85493181708
    },
    "vus_max": {
      "value": 22,
      "min": 20,
      "max": 22
    },
    "http_req_failed": {
      "passes": 0,
      "fails": 2988,
      "thresholds": {
        "rate<0.05": false
      },
      "value": 0
    },
    "http_req_sending": {
      "med": 0.024,
      "max": 1.463,
      "p(90)": 0.035,
      "p(95)": 0.04,
      "avg": 0.025824631860776777,
      "min": 0.005
    },
    "http_req_blocked": {
      "max": 1.474,
      "p(90)": 0.009,
      "p(95)": 0.011,
      "avg": 0.007968540829986695,
      "min": 0.001,
      "med": 0.006
    },
    "http_req_duration{expected_response:true}": {
      "p(90)": 7.644900000000001,
      "p(95)": 8.273249999999999,
      "avg": 6.787968540829998,
      "min": 4.203,
      "med": 5.281,
      "max": 160.221
    },
    "iterations": {
      "count": 2988,
      "rate": 99.27083775616809
    }
  },
  "root_group": {
    "checks": {
      "status is 200": {
        "path": "::status is 200",
        "id": "6210a8cd14cd70477eba5c5e4cb3fb5f",
        "passes": 2988,
        "fails": 0,
        "name": "status is 200"
      },
      "has token": {
        "fails": 0,
        "name": "has token",
        "path": "::has token",
        "id": "d9603435b38897bc816d10ece9a00ed4",
        "passes": 2988
      }
    },
    "name": "",
    "path": "",
    "id": "d41d8cd98f00b204e9800998ecf8427e",
    "groups": {}
  }
}