{
  "metrics": {
    "iterations": {
      "count": 9001,
      "rate": 99.89573708454164
    },
    "http_req_connecting": {
      "avg": 0.0032678591267636926,
      "min": 0,
      "med": 0,
      "max": 0.638,
      "p(90)": 0,
      "p(95)": 0
    },
    "http_req_duration": {
      "avg": 16.56401766470392,
      "min": 0.794,
      "med": 2.349,
      "max": 1192.331,
      "p(90)": 7.077,
      "p(95)": 42.205,
      "thresholds": {
        "p(95)<400": false,
        "p(99)<800": false
      }
    },
    "http_req_duration{expected_response:true}": {
      "avg": 16.56401766470392,
      "min": 0.794,
      "med": 2.349,
      "max": 1192.331,
      "p(90)": 7.077,
      "p(95)": 42.205
    },
    "http_req_tls_handshaking": {
      "avg": 0,
      "min": 0,
      "med": 0,
      "max": 0,
      "p(90)": 0,
      "p(95)": 0
    },
    "http_req_waiting": {
      "med": 2.263,
      "max": 1185.465,
      "p(90)": 6.897,
      "p(95)": 41.296,
      "avg": 16.290714365070556,
      "min": 0.767
    },
    "vus": {
      "min": 10,
      "max": 117,
      "value": 11
    },
    "data_received": {
      "count": 1557173,
      "rate": 17281.962515625703
    },
    "http_req_failed": {
      "passes": 0,
      "fails": 9001,
      "thresholds": {
        "rate<0.05": false
      },
      "value": 0
    },
    "iteration_duration": {
      "avg": 117.0752058134649,
      "min": 100.994666,
      "med": 102.798167,
      "max": 1293.465834,
      "p(90)": 108.074541,
      "p(95)": 143.007583
    },
    "data_sent": {
      "count": 1503167,
      "rate": 16682.588093118455
    },
    "vus_max": {
      "value": 125,
      "min": 125,
      "max": 125
    },
    "checks": {
      "passes": 18002,
      "fails": 0,
      "value": 1
    },
    "http_req_sending": {
      "p(90)": 0.048,
      "p(95)": 0.061,
      "avg": 0.03335284968336801,
      "min": 0.004,
      "med": 0.026,
      "max": 3.577
    },
    "http_reqs": {
      "count": 9001,
      "rate": 99.89573708454164
    },
    "http_req_receiving": {
      "avg": 0.23995044995000497,
      "min": 0.005,
      "med": 0.05,
      "max": 86.068,
      "p(90)": 0.105,
      "p(95)": 0.192
    },
    "http_req_blocked": {
      "med": 0.007,
      "max": 8.198,
      "p(90)": 0.014,
      "p(95)": 0.02,
      "avg": 0.015286412620819747,
      "min": 0.001
    }
  },
  "root_group": {
    "name": "",
    "path": "",
    "id": "d41d8cd98f00b204e9800998ecf8427e",
    "groups": {},
    "checks": {
      "status is 200": {
        "id": "6210a8cd14cd70477eba5c5e4cb3fb5f",
        "passes": 9001,
        "fails": 0,
        "name": "status is 200",
        "path": "::status is 200"
      },
      "has token": {
        "path": "::has token",
        "id": "d9603435b38897bc816d10ece9a00ed4",
        "passes": 9001,
        "fails": 0,
        "name": "has token"
      }
    }
  }
}